"Order Number ","Product Name"," Item SKU ","Qty ","Variant","Product Image"," Price"
"Lvs52935","Leopard Whisper Shawl","10577172573300","1","","https://cdn.shopify.com/s/files/1/0852/8484/7908/files/4_e085eefb-e6ff-4496-9b6a-cf5d353ded3f.jpg?v=1739095835",""
"Lvs52935","Vital Chiffon Scarf (Big Size)","10512002317698","1","ForestGreen","https://cdn.shopify.com/s/files/1/0852/8484/7908/files/59_8568b15b-45c2-430a-9edd-f5a5d2f38b6a.jpg?v=1737561440",""
"Lvs54514","Normal Underscarf","10422424121700","3","Black","https://cdn.shopify.com/s/files/1/0852/8484/7908/files/10_4ac38e7e-6256-4415-be22-a01441315f5a.jpg?v=1737468641",""
"Lvs54514","Striped Kuwaiti Scarf","10413095321798","2","Black","https://cdn.shopify.com/s/files/1/0852/8484/7908/files/6_56f07f4a-64ee-4116-9281-8c19a2056680.jpg?v=1737468200",""
"Lvs54514","Wide Stripped Kuwaiti Scarf","10413095821798","2","Black","https://cdn.shopify.com/s/files/1/0852/8484/7908/files/9_8445f7bd-700d-4923-a213-b2918b662bef.jpg?v=1739014649",""
"Lvs56168","Jacquard Satin Isdal","12566076121700","1","Black","https://cdn.shopify.com/s/files/1/0852/8484/7908/files/2_f4e76e68-64f5-4dfc-8d5f-85529103e043.jpg?v=1739961897",""
"Lvs56168","Wild Kaftan","12596365472200","1","","https://cdn.shopify.com/s/files/1/0852/8484/7908/files/1_881fe8a9-0bac-42a8-a487-0f42a222d238.jpg?v=1740907367",""
"Lvs56169","Fitted Easy Go Shirt","16599495021740","1","Black / L/XL","https://cdn.shopify.com/s/files/1/0852/8484/7908/files/3_0164c106-1a58-4198-b886-83cd469e9000.jpg?v=1737468279",""
"Lvs56170","Dalila Isdal","12566036121700","1","","https://cdn.shopify.com/s/files/1/0852/8484/7908/files/1_690a444c-5fda-4e54-828e-77382f0ba309.jpg?v=1739882275",""
"Lvs56170","Plain Khemar Isdal","90566026121700","1","Black","https://cdn.shopify.com/s/files/1/0852/8484/7908/files/4_a13412c2-aaad-4083-8407-a742b0f4dc4f.jpg?v=1739894552",""
"Lvs55538","Cozy Cotton Scarf","10011030950002","1","Offwhite","https://cdn.shopify.com/s/files/1/0852/8484/7908/files/2_f980fc1e-5bdc-4be3-928a-332b7d52cd64.jpg?v=1737468804",""
"Lvs55538","Cozy Cotton Scarf","10011030950121","1","Cloudy","https://cdn.shopify.com/s/files/1/0852/8484/7908/files/25_031ddbb3-731d-413a-8d44-0fb07d2bef4b.jpg?v=1737468807",""
"Lvs55538","Light Gradient Cotton Scarf","60011010212150","1","11","https://cdn.shopify.com/s/files/1/0852/8484/7908/files/11_0bdccc99-8591-455e-bc5d-df26c0e89187.jpg?v=1737468833",""
"Lvs55538","Light Gradient Cotton Scarf","60011010212117","1","4","https://cdn.shopify.com/s/files/1/0852/8484/7908/files/4_8f199ba0-252a-4e98-880c-00eb272dad89.jpg?v=1737468833",""
"Lvs55538","Cozy Cotton Scarf","10413095014398","1","Seafoam","https://cdn.shopify.com/s/files/1/0852/8484/7908/files/30_c7298118-876f-4dab-9f6a-ad54886edf89.jpg?v=1737468812",""
"Lvs55538","Cozy Cotton Scarf","10413095011998","1","Heather Purple","https://cdn.shopify.com/s/files/1/0852/8484/7908/files/23_c6e7ad36-f6b6-4eca-a512-37b28ec27ec3.jpg?v=1737468806",""
"Lvs55538","Cozy Cotton Scarf","10413095008398","1","Mulberry","https://cdn.shopify.com/s/files/1/0852/8484/7908/files/4_c1ee4678-bcb1-4c05-bd58-e43e46ac2b6b.jpg?v=1737468812",""
"Lvs55538","Cozy Cotton Scarf","10413095006398","1","Red","https://cdn.shopify.com/s/files/1/0852/8484/7908/files/12_87ed318e-6c6b-47e5-bc81-dfb272152d3f.jpg?v=1737468805",""
"Lvs55538","Cozy Cotton Scarf","10413095013898","1","Turqoise","https://cdn.shopify.com/s/files/1/0852/8484/7908/files/29_09196fce-3a61-444e-b8e3-5481f598535d.jpg?v=1737468811",""
"Lvs55921","Kids Plain Isdal (10 Years)","10566016103080","1","Cashmere","https://cdn.shopify.com/s/files/1/0852/8484/7908/files/3_1eb3642b-ab8e-4c77-afb0-6315db02b88e.jpg?v=1737468099",""
"Lvs55921","Kids Plain Isdal (10 Years)","10566016101080","1","Beige","https://cdn.shopify.com/s/files/1/0852/8484/7908/files/2_520c3aa4-6cd4-40c2-bf29-a654b4a65a91.jpg?v=1737468099",""
"Lvs55821","Ikat Inspiration Isdal 2 pcs","57466183663400","1","Orange / Free Size","https://cdn.shopify.com/s/files/1/0852/8484/7908/files/2_5e287ae5-61c2-49c5-9b0f-d9366f7799ed.jpg?v=1737468444",""
"Lvs55821","Matte Magnet Pin","60444142418300","1","2","https://cdn.shopify.com/s/files/1/0852/8484/7908/files/2_350febc6-d1d1-4ea8-9f55-8f221a45f703.jpg?v=1737469895",""
"Lvs55821","Starlit Night Isdal 2 PCS","90566183662600","1","","https://cdn.shopify.com/s/files/1/0852/8484/7908/files/7_7159211d-5fb7-40b3-82f3-46976cc901d2.jpg?v=1739900092",""
"Lvs56110","Wide Stripped Kuwaiti Scarf","10413095809698","1","Brown","https://cdn.shopify.com/s/files/1/0852/8484/7908/files/4_50b23ed5-a882-41b7-8f60-b4558063ecc0.jpg?v=1739014649",""
"Lvs56110","Wide Stripped Kuwaiti Scarf","10413095800298","1","Offwhite","https://cdn.shopify.com/s/files/1/0852/8484/7908/files/1_c5ac0d2a-968d-4266-a16d-1b8f080b9a0f.jpg?v=1739014649",""
"Lvs56110","No Thread Underscarf","10022323030800","1","Brown","https://cdn.shopify.com/s/files/1/0852/8484/7908/files/32_968a28ef-75d2-4d45-9a2a-faffd4a9d8cf.jpg?v=1737468671",""
"Lvs56110","Easy Opened Wrap Scarf","10513098633797","1","Brown","https://cdn.shopify.com/s/files/1/0852/8484/7908/files/3_182d9d79-52ab-4f0e-a772-96814ef3958b.jpg?v=1740308653",""
"Lvs56110","Easy Opened Wrap Scarf","10513098637897","1","WalnutBrown","https://cdn.shopify.com/s/files/1/0852/8484/7908/files/4_4edba3e6-26bf-4b24-b955-ae571e690a24.jpg?v=1740308658",""
"Lvs56110","Easy Opened Wrap Scarf","10513098600197","3","White","https://cdn.shopify.com/s/files/1/0852/8484/7908/files/1_7b501c24-f830-4ef4-8b32-967498540d62.jpg?v=1737468504",""
"Lvs56110","Be You Hoodie","43590343170100","1","","https://cdn.shopify.com/s/files/1/0852/8484/7908/files/2_1f635859-99a3-4458-9c9f-e22dbb8241be.jpg?v=1737468388",""
"Lvs56110","No Thread Underscarf","10422323048200","1","Chocolate Brwon","https://cdn.shopify.com/s/files/1/0852/8484/7908/files/20_60f94aef-dc8f-4002-bff7-561a340b5220.jpg?v=1737468670",""
"Lvs56110","Wide Stripped Kuwaiti Scarf","10413095821798","1","Black","https://cdn.shopify.com/s/files/1/0852/8484/7908/files/9_8445f7bd-700d-4923-a213-b2918b662bef.jpg?v=1739014649",""
"Lvs56110","Wide Stripped Kuwaiti Scarf","10413095822198","1","ChocolateBrown","https://cdn.shopify.com/s/files/1/0852/8484/7908/files/10_f1519e8f-607f-4959-a8d3-4657e126b9ca.jpg?v=1739014649",""
"Lvs56110","No Thread Underscarf","10522323052100","1","LightBeige","https://cdn.shopify.com/s/files/1/0852/8484/7908/files/4_a0b9d153-5e68-4392-9f06-7eca02895219.jpg?v=1740307287",""
"Lvs56110","No Thread Underscarf","10422323038400","1","Pine","https://cdn.shopify.com/s/files/1/0852/8484/7908/files/3_2a5e3465-fee4-401e-b507-ee67cd6f4130.jpg?v=1737468671",""
"Lvs56110","No Thread Underscarf","10422323035700","1","BisqueBeige","https://cdn.shopify.com/s/files/1/0852/8484/7908/files/resize_82f88689-2796-448d-8c86-567c788793b6.jpg?v=1737468672",""
"Lvs56110","No Thread Underscarf","10022323023100","1","Clay","https://cdn.shopify.com/s/files/1/0852/8484/7908/files/22_b29425d0-e318-4a75-9499-04961d3eefcb.jpg?v=1737468670",""
"Lvs56110","Cotton Undershirt Round Neck","10433434300130","1","Medium / White","https://cdn.shopify.com/s/files/1/0852/8484/7908/products/ybYllAMqKIxxV44KhyKuzxIQesAXwVUeZrolBh3L_9faff4dd-167b-4a5b-8fe8-9e4e4f115d4c.jpg?v=1737469839",""
"Lvs56110","Cotton Undershirt Round Neck","10433434300230","1","Medium / OffWhite","https://cdn.shopify.com/s/files/1/0852/8484/7908/products/ZVcI19tNBW46jcUFFViH98TTxl7jvIrMR7mcaE99_8c2f5d8b-3f37-4f61-ba86-a0eab4515e4b.jpg?v=1737469839",""
"Lvs56110","Cotton Undershirt Round Neck","10433434321730","1","Medium / Black","https://cdn.shopify.com/s/files/1/0852/8484/7908/products/l3HucsEWtlFdjBt9iTtyyONTRkpqFH8daNG62QwS_85a90657-822c-47b7-ad58-c596d10cccc7.jpg?v=1737469839",""
"Lvs56110","No Thread Underscarf","10422323021700","3","Black","https://cdn.shopify.com/s/files/1/0852/8484/7908/files/19_26f35b78-db74-49ff-be17-a58461e36c8e.jpg?v=1737468670",""
"Lvs56110","No Thread Underscarf","10522323000200","4","Offwhite","https://cdn.shopify.com/s/files/1/0852/8484/7908/files/2_0c5047aa-aae1-45b5-a7c4-d9ce64719c78.jpg?v=1737468669",""
"Lvs56171","Zahra Kaftan","12596365523100","1","","https://cdn.shopify.com/s/files/1/0852/8484/7908/files/1_7f650dbe-1bd4-4ffd-9a85-1ac94d6b05ff.jpg?v=1740907356",""
"Lvs56172","Syrian Underscarf 2 pcs","10422424200500","1","Sepia","https://cdn.shopify.com/s/files/1/0852/8484/7908/files/1_adc82ec8-e304-41a7-8e3b-6afa680d08f7.jpg?v=1737468684",""
"Lvs56172","Syrian Underscarf 2 pcs","10422424226100","1","Bone Beige","https://cdn.shopify.com/s/files/1/0852/8484/7908/files/13_f84d407f-3e3b-49a8-9664-bc9e7e79f8d4.jpg?v=1737468684",""
"Lvs56172","Syrian Underscarf 2 pcs","10422424200100","1","White","https://cdn.shopify.com/s/files/1/0852/8484/7908/files/1_bb653160-90d7-4a15-86d2-e49203751b22.jpg?v=1737468682",""
"Lvs56173","Butterfly Kaftan","62596363436000","1","OliveDrab","https://cdn.shopify.com/s/files/1/0852/8484/7908/files/3_0b819506-0d51-4d18-b205-5fe17c849288.jpg?v=1738838646",""
"Lvs56174","Peaceful Portable Mat","12588484670200","1","","https://cdn.shopify.com/s/files/1/0852/8484/7908/files/6_9fbd8e0b-abff-44cb-a246-e36012a9d735.jpg?v=1740232299",""
"Lvs56174","Portable Isdal","12488484117000","1","Olive / Free size","https://cdn.shopify.com/s/files/1/0852/8484/7908/products/3_367a7495-8a83-486e-93cc-a913fa7f7512.jpg?v=1737469464",""
"Lvs56175","Matte Magnet Pin","60444142414300","1","1","https://cdn.shopify.com/s/files/1/0852/8484/7908/files/1_38605b4d-bf32-4454-834d-4ec80c9ef15e.jpg?v=1737469895",""
"Lvs56175","Matte Magnet Pin","60444142411800","4","7","https://cdn.shopify.com/s/files/1/0852/8484/7908/files/7_235400a4-19ba-4c4e-a3b1-3c8d02411fd9.jpg?v=1737469896",""
"Lvs56176","Essential Shawl","60077074119218","1","AshBrown","https://cdn.shopify.com/s/files/1/0852/8484/7908/files/1_39e32ec0-888f-4190-aaa8-ad3ab0232da3.jpg?v=1738485584",""
"Lvs56192","Sahara Kaftan","12596363970700","1","","https://cdn.shopify.com/s/files/1/0852/8484/7908/files/2_e25b37ec-a6b7-4513-a7f2-f6a83992c9fb.jpg?v=1740228209",""
"Lvs56192","Wild Kaftan","12596365472200","1","","https://cdn.shopify.com/s/files/1/0852/8484/7908/files/1_881fe8a9-0bac-42a8-a487-0f42a222d238.jpg?v=1740907367",""
"Lvs56193","Golden Velvet Kaftan","12596364070200","1","","https://cdn.shopify.com/s/files/1/0852/8484/7908/files/3_8f49638a-17f2-43b6-95c8-05a6b1aaf68d.jpg?v=1739175540",""
"Lvs56194","Autumn Paisley Viscose Isdal","90566013662400","1","","https://cdn.shopify.com/s/files/1/0852/8484/7908/files/20_3b2dfbde-4044-4a11-a1ec-4f36022bc003.jpg?v=1740058566",""
"Lvs56195","Cozy Cotton Scarf","10413095006398","1","Red","https://cdn.shopify.com/s/files/1/0852/8484/7908/files/12_87ed318e-6c6b-47e5-bc81-dfb272152d3f.jpg?v=1737468805",""
"Lvs56195","Cozy Cotton Scarf","10011030950132","1","Lead","https://cdn.shopify.com/s/files/1/0852/8484/7908/files/27_e188f0a0-7dab-4a99-98cc-1894728930ca.jpg?v=1737468807",""
"Lvs56195","Cozy Cotton Scarf","10011030950162","1","Light Green","https://cdn.shopify.com/s/files/1/0852/8484/7908/files/7_7f20ead2-91f5-468b-8ff9-5f9253ce5f87.jpg?v=1737468813",""
"Lvs56195","Cozy Cotton Scarf","10011030950217","1","Black","https://cdn.shopify.com/s/files/1/0852/8484/7908/files/44_91b421b9-f3b1-4e65-a518-6223198902d4.jpg?v=1737468809",""
"Lvs56195","Cozy Cotton Scarf","10413095021498","1","Navy","https://cdn.shopify.com/s/files/1/0852/8484/7908/files/43_f3b09166-6d9f-42b3-8d49-fbf641ae91a7.jpg?v=1737468809",""
"Lvs56195","Cozy Cotton Scarf","10011030950002","1","Offwhite","https://cdn.shopify.com/s/files/1/0852/8484/7908/files/2_f980fc1e-5bdc-4be3-928a-332b7d52cd64.jpg?v=1737468804",""
"Lvs56196","Pleated Puffed Chemise","10033535000130","1","Medium / White","https://cdn.shopify.com/s/files/1/0852/8484/7908/files/3_070f3fca-5d1b-419b-bd26-e33e8589ba1c.jpg?v=1737469842",""
"Lvs56196","Guipure Lace Dress Extension","10455351300200","1","Offwhite","https://cdn.shopify.com/s/files/1/0852/8484/7908/files/2_f02cfaec-4380-4dfc-b7f9-a312e94d7ed8.jpg?v=1737468766",""
"Lvs56197","Plain Viscose Isdal","62566016121700","1","Black","https://cdn.shopify.com/s/files/1/0852/8484/7908/files/5_8ddca6e5-227c-43f2-997c-077b2c087a59.jpg?v=1739717147",""
"Lvs56198","Squared Winter Shawl","60077174004302","1","2","https://cdn.shopify.com/s/files/1/0852/8484/7908/files/2_7e0d961b-ef0a-45bd-af9b-87763de896a4.jpg?v=1737469374",""
"Lvs56199","Easy Opened Wrap Scarf","10513098621397","1","Navy","https://cdn.shopify.com/s/files/1/0852/8484/7908/files/2_b53639ea-4245-4bc0-a88a-5f8a1b39825f.jpg?v=1740308659",""
"Lvs56199","Easy Ready Wrap Chiffon Scarf","10412006900396","1","BoneBeige","https://cdn.shopify.com/s/files/1/0852/8484/7908/files/3_3f9cde38-1b54-455b-89aa-e25c40fdb568.jpg?v=1737468065",""
"Lvs56199","Easy Opened Wrap Scarf","10513098633797","1","Brown","https://cdn.shopify.com/s/files/1/0852/8484/7908/files/3_182d9d79-52ab-4f0e-a772-96814ef3958b.jpg?v=1740308653",""
"Lvs56199","Easy Closed Wrap Scarf","10513094437896","1","Sepia","https://cdn.shopify.com/s/files/1/0852/8484/7908/files/4_b6dad62b-e102-45cc-9980-d5d9d069e6d4.jpg?v=1737625364",""
"Lvs56199","Easy Ready Wrap Chiffon Scarf","10412006925696","1","Beige","https://cdn.shopify.com/s/files/1/0852/8484/7908/files/5_18f3a9e0-7287-4d4b-b905-850cd7d63a2b.jpg?v=1737468065",""
"Lvs56200","Scarf Straightener","889","1","","https://cdn.shopify.com/s/files/1/0852/8484/7908/files/1_0d99293c-3c5c-46c4-b8db-d0e737e20f56.jpg?v=1737469543",""
"Lvs56201","Oversized Shirt","22499359304400","1","Fuschia / Free size","https://cdn.shopify.com/s/files/1/0852/8484/7908/files/3_4b9f50ab-a34e-4375-a0bb-a97af20be40a.jpg?v=1737469057",""
"Lvs56201","Ink Flow Viscose Isdal","90566013661600","1","","https://cdn.shopify.com/s/files/1/0852/8484/7908/files/9_69118829-fae1-4fd2-ab70-d1c0e3033b2a.jpg?v=1740054724",""
"Lvs56202","Kuwaiti Basic Scarf","10413097521798","1","Black","https://cdn.shopify.com/s/files/1/0852/8484/7908/files/17_7dc349fe-2a70-4f20-afa3-5f66fd2b9947.jpg?v=1739111812",""
"Lvs56203","No Thread Underscarf","10522323000200","1","Offwhite","https://cdn.shopify.com/s/files/1/0852/8484/7908/files/2_0c5047aa-aae1-45b5-a7c4-d9ce64719c78.jpg?v=1737468669",""
"Lvs56203","Easy Ready Wrap Chiffon Scarf","10412006925696","1","Beige","https://cdn.shopify.com/s/files/1/0852/8484/7908/files/5_18f3a9e0-7287-4d4b-b905-850cd7d63a2b.jpg?v=1737468065",""
"Lvs56203","Golden Velvet Kaftan","12596364070200","1","","https://cdn.shopify.com/s/files/1/0852/8484/7908/files/3_8f49638a-17f2-43b6-95c8-05a6b1aaf68d.jpg?v=1739175540",""
"Lvs56204","Paradise Printed Scarf","10413050054298","1","","https://cdn.shopify.com/s/files/1/0852/8484/7908/files/11_50db1777-a980-4a9e-82c7-cd5cbedac841.jpg?v=1740671277",""
"Lvs56204","Wild Kaftan","12596365472200","1","","https://cdn.shopify.com/s/files/1/0852/8484/7908/files/1_881fe8a9-0bac-42a8-a487-0f42a222d238.jpg?v=1740907367",""
"Lvs56205","Anytime Set","57590770121720","1","WashedBlack / S/M","https://cdn.shopify.com/s/files/1/0852/8484/7908/files/2_f8880ca1-7067-46df-abf0-f3a68e1a7ec7.jpg?v=1737468270",""
"Lvs56206","Abstract Satin Chiffon Scarf","10412003612698","1","Silver","https://cdn.shopify.com/s/files/1/0852/8484/7908/files/4_8c86fafa-6bf0-4b7b-bb1f-71b292149d8c.jpg?v=1737468316",""
"Lvs56206","Cotton Undershirt Round Neck","10433434321740","1","Large / Black","https://cdn.shopify.com/s/files/1/0852/8484/7908/products/l3HucsEWtlFdjBt9iTtyyONTRkpqFH8daNG62QwS_85a90657-822c-47b7-ad58-c596d10cccc7.jpg?v=1737469839",""
"Lvs56206","Scarf Straightener","889","1","","https://cdn.shopify.com/s/files/1/0852/8484/7908/files/1_0d99293c-3c5c-46c4-b8db-d0e737e20f56.jpg?v=1737469543",""
"Lvs56207","Check Kaftan","23596363221700","1","","https://cdn.shopify.com/s/files/1/0852/8484/7908/files/1_0b8a8f81-dae0-428d-830c-68729da48ec5.jpg?v=1738855485",""
"Lvs56208","Matte Magnet Pin","60444142414300","1","1","https://cdn.shopify.com/s/files/1/0852/8484/7908/files/1_38605b4d-bf32-4454-834d-4ec80c9ef15e.jpg?v=1737469895",""
"Lvs56208","Matte Magnet Pin","60444142418300","1","2","https://cdn.shopify.com/s/files/1/0852/8484/7908/files/2_350febc6-d1d1-4ea8-9f55-8f221a45f703.jpg?v=1737469895",""
"Lvs56208","Crinkle Satin Chiffon Scarf","10412006100398","1","IvoryWhite","https://cdn.shopify.com/s/files/1/0852/8484/7908/files/2_45de86c0-45ad-47f8-b1c1-b47600060c71.jpg?v=1737468046",""
"Lvs56208","Essential Shawl","60577011912100","1","Silver","https://cdn.shopify.com/s/files/1/0852/8484/7908/files/13_6cb58d02-69a1-409c-a65d-4c6e8a786cd7.jpg?v=1738485584",""
"Lvs56209","Cozy Cotton Scarf","10413095018698","1","Sky Blue","https://cdn.shopify.com/s/files/1/0852/8484/7908/files/39_5a293424-7894-409c-8b7b-f7298e3d0074.jpg?v=1737468808",""
"Lvs56209","Cozy Cotton Scarf","10413095021498","1","Navy","https://cdn.shopify.com/s/files/1/0852/8484/7908/files/43_f3b09166-6d9f-42b3-8d49-fbf641ae91a7.jpg?v=1737468809",""
"Lvs56209","Cozy Cotton Scarf","10011030950012","1","Almond","https://cdn.shopify.com/s/files/1/0852/8484/7908/files/7_4389bd59-5b73-41de-b3f7-b558b9af44e1.jpg?v=1737468810",""
"Lvs56209","Cozy Cotton Scarf","10011030950031","1","Mauve","https://cdn.shopify.com/s/files/1/0852/8484/7908/files/2_616e0f90-f44c-4c04-8d9d-83b281160585.jpg?v=1737468812",""
"Lvs56210","Crystal Jacket","57590965123100","1","Champagne","https://cdn.shopify.com/s/files/1/0852/8484/7908/files/3_69d7b492-0ebd-436c-849c-02ed60d727d2.jpg?v=1737632589",""
"Lvs56210","Wild Kaftan","12596365472200","1","","https://cdn.shopify.com/s/files/1/0852/8484/7908/files/1_881fe8a9-0bac-42a8-a487-0f42a222d238.jpg?v=1740907367",""
"Lvs56211","Fine Mini Ribbed Pullover","10590165821700","1","Free Size / 10","https://cdn.shopify.com/s/files/1/0852/8484/7908/files/9_c345b72a-87c0-4f4d-bbe1-00bef808b672.jpg?v=1737469795",""
"Lvs56211","Fine Mini Ribbed Pullover","10590165800200","1","Free Size / 9","https://cdn.shopify.com/s/files/1/0852/8484/7908/files/8_75db67b5-ad55-4108-9d38-1f40a7367217.jpg?v=1737469794",""
"Lvs56212","Dalila Isdal","12566036121700","1","","https://cdn.shopify.com/s/files/1/0852/8484/7908/files/1_690a444c-5fda-4e54-828e-77382f0ba309.jpg?v=1739882275",""
"Lvs56213","Janja Lycra Scarf","10413094400298","1","Offwhite","https://cdn.shopify.com/s/files/1/0852/8484/7908/files/1_fad063ca-d4d8-4504-ad11-aa977c520057.jpg?v=1737468054",""
"Lvs56213","Janja Lycra Scarf","10413094401098","1","Beige","https://cdn.shopify.com/s/files/1/0852/8484/7908/files/3_997cbcff-083c-43ea-a3c3-3c548d1694bc.jpg?v=1737468054",""
"Lvs56213","Janja Lycra Scarf","10413094413298","1","DarkGrey","https://cdn.shopify.com/s/files/1/0852/8484/7908/files/7_061f24ef-d0ed-409a-9b81-4a58839e4a75.jpg?v=1737468054",""
"Lvs56214","Diamond Dust Lycra Scarf","10513081725698","2","LightSimon","https://cdn.shopify.com/s/files/1/0852/8484/7908/files/9_e4d0d3f8-d589-4f96-9751-64cbefbdb1f0.jpg?v=1740667738",""
"Lvs56214","Diamond Dust Lycra Scarf","10513081712698","1","Greige","https://cdn.shopify.com/s/files/1/0852/8484/7908/files/6_19f23706-43c6-4036-9d6c-365b5bdba252.jpg?v=1740667738",""
"Lvs56214","Diamond Dust Lycra Scarf","10413081728998","1","Cashmere","https://cdn.shopify.com/s/files/1/0852/8484/7908/files/2_4c9d97c5-df76-43d8-9cd4-382a5e100543.jpg?v=1740667738",""
"Lvs56215","Cotton Undershirt Round Neck","10433434321730","2","Medium / Black","https://cdn.shopify.com/s/files/1/0852/8484/7908/products/l3HucsEWtlFdjBt9iTtyyONTRkpqFH8daNG62QwS_85a90657-822c-47b7-ad58-c596d10cccc7.jpg?v=1737469839",""
"Lvs56215","Cotton Undershirt Round Neck","10433434300140","1","Large / White","https://cdn.shopify.com/s/files/1/0852/8484/7908/products/ybYllAMqKIxxV44KhyKuzxIQesAXwVUeZrolBh3L_9faff4dd-167b-4a5b-8fe8-9e4e4f115d4c.jpg?v=1737469839",""
"Lvs56215","Cotton Undershirt Round Neck","10433434300130","3","Medium / White","https://cdn.shopify.com/s/files/1/0852/8484/7908/products/ybYllAMqKIxxV44KhyKuzxIQesAXwVUeZrolBh3L_9faff4dd-167b-4a5b-8fe8-9e4e4f115d4c.jpg?v=1737469839",""
"Lvs56216","Butterfly Kaftan","62596363400300","1","Beige","https://cdn.shopify.com/s/files/1/0852/8484/7908/files/1_2056895b-50af-4897-9b20-6cc6277b3b9b.jpg?v=1738838646",""
"Lvs56217","Plain Viscose Isdal","62566016111300","1","Cafe","https://cdn.shopify.com/s/files/1/0852/8484/7908/files/2_3bd483ac-9a34-4136-9366-6f1b27a762b2.jpg?v=1739717147",""
"Lvs55669","Plain Cotton Lycra Scarf","10413095116498","1","Green","https://cdn.shopify.com/s/files/1/0852/8484/7908/files/17_66d15086-8f6b-4019-9eef-c0cdc3a937d4.jpg?v=1738945212",""
"Lvs55669","Brushstroke Printed Scarf","10413050060598","1","","https://cdn.shopify.com/s/files/1/0852/8484/7908/files/15_9b6fd591-a298-4efe-b4d6-3a024d24edac.jpg?v=1740671545",""
"Lvs55669","Gradient Chiffon Scarf","10411001001060","1","12","https://cdn.shopify.com/s/files/1/0852/8484/7908/files/12_0c27d275-bcc7-4b7e-a186-822664a3b4ab.jpg?v=1737468768",""
"Lvs55669","Sands of Kaftan","12596363701300","1","","https://cdn.shopify.com/s/files/1/0852/8484/7908/files/2_5b8cbeb7-8da2-497b-b714-cff83537bb0f.jpg?v=1739175581",""
"Lvs55669","Lined Lycra Scarf","10011030810115","1","Grey","https://cdn.shopify.com/s/files/1/0852/8484/7908/files/6.png?v=1737469169",""
"Lvs55669","Plain Cotton Lycra Scarf","10513095149598","1","Maroon","https://cdn.shopify.com/s/files/1/0852/8484/7908/files/5_ed3e1df4-8269-49c5-9774-680f9e25a2e7.jpg?v=1740480070",""
"Lvs55669","Plain Cotton Lycra Scarf","10413095121398","2","Navy","https://cdn.shopify.com/s/files/1/0852/8484/7908/files/20_58c1ebe0-1c0a-469c-8cbd-6d4f933152a6.jpg?v=1738945212",""
"Lvs55669","Basic Clips Underscarf","10422424021700","1","Black","https://cdn.shopify.com/s/files/1/0852/8484/7908/files/8_772fbc88-1566-4056-86e7-3f56930ec8c6.jpg?v=1737468679",""
"Lvs55816","Vintage Chiffon Scarf","10411001016067","1","4","https://cdn.shopify.com/s/files/1/0852/8484/7908/files/9_9cb0a144-a872-43f6-b1cc-946c1baa3dab.jpg?v=1737468854",""
"Lvs55816","Deluxe Chiffon Scarf","10411001017020","1","","https://cdn.shopify.com/s/files/1/0852/8484/7908/files/23_2c84140d-0b6f-47b4-aa29-0c1a393e134b.jpg?v=1737468253",""
"Lvs55816","Damask Chiffon Scarf","10411001032024","1","","https://cdn.shopify.com/s/files/1/0852/8484/7908/files/15_1946e9b8-55d2-446e-aaba-e10f69733f36.jpg?v=1737468897",""
"Lvs55992","Ribbed Turban","57422525100100","1","White","https://cdn.shopify.com/s/files/1/0852/8484/7908/files/1_6f9000e2-9698-4a84-94d7-8dce8fcbfa98.jpg?v=1737469003",""
"Lvs55992","Navy Wave Viscose Isdal","90566013661200","1","","https://cdn.shopify.com/s/files/1/0852/8484/7908/files/7_beb178c3-468d-490f-a0b9-b6931ee8e52c.jpg?v=1739886757",""
"Lvs56218","Cozy Cotton Scarf","10011030950032","1","Blush","https://cdn.shopify.com/s/files/1/0852/8484/7908/files/3_8e260d41-20c2-4be8-ac08-f252dabbc0d7.jpg?v=1737468812",""
"Lvs56218","Cozy Cotton Scarf","10011030950167","2","Sepia","https://cdn.shopify.com/s/files/1/0852/8484/7908/files/36_5ea7d676-551d-40dd-a83e-f3b7e24d2d9c.jpg?v=1737468808",""
"Lvs56218","Cozy Cotton Scarf","10011030950012","1","Almond","https://cdn.shopify.com/s/files/1/0852/8484/7908/files/7_4389bd59-5b73-41de-b3f7-b558b9af44e1.jpg?v=1737468810",""
"Lvs56218","Cozy Cotton Scarf","10413095018698","1","Sky Blue","https://cdn.shopify.com/s/files/1/0852/8484/7908/files/39_5a293424-7894-409c-8b7b-f7298e3d0074.jpg?v=1737468808",""
"Lvs56219","Wild Kaftan","12596365472200","1","","https://cdn.shopify.com/s/files/1/0852/8484/7908/files/1_881fe8a9-0bac-42a8-a487-0f42a222d238.jpg?v=1740907367",""
"Lvs56220","Everyday Cotton Scarf","10513072022998","1","ElephantGrey","https://cdn.shopify.com/s/files/1/0852/8484/7908/files/5_4328ad69-fc52-4d5b-9e96-c209f99df239.jpg?v=1740662986",""
"Lvs56220","Ready Wrap Cotton scarf","10413099800195","1","White","https://cdn.shopify.com/s/files/1/0852/8484/7908/files/1_c33ea8fd-6e0c-432b-b25d-54823bfc0f25.jpg?v=1737468062",""
"Lvs56220","No Thread Underscarf with Tie-Back","10422323100100","1","White","https://cdn.shopify.com/s/files/1/0852/8484/7908/files/1_2c33ae67-42a2-44ba-97b0-baef5caa7fa6.jpg?v=1737468630",""
"Lvs56220","Chemise Collar","10455050100100","1","Free size / White","https://cdn.shopify.com/s/files/1/0852/8484/7908/files/2_f301a71b-c0ee-4701-af3f-ed01a6463164.jpg?v=1737469898",""
"Lvs56221","Washed Hoodie","17590330221700","1","WashedBlack / Free Size","https://cdn.shopify.com/s/files/1/0852/8484/7908/files/2_5e74c52c-074c-4c27-8cc0-e52aa43bb4e9.jpg?v=1737468372",""
"Lvs56222","Cozy Cotton Scarf","10011030950217","1","Black","https://cdn.shopify.com/s/files/1/0852/8484/7908/files/44_91b421b9-f3b1-4e65-a518-6223198902d4.jpg?v=1737468809",""
"Lvs56222","Cozy Cotton Scarf","10413095011998","1","Heather Purple","https://cdn.shopify.com/s/files/1/0852/8484/7908/files/23_c6e7ad36-f6b6-4eca-a512-37b28ec27ec3.jpg?v=1737468806",""
"Lvs56222","Cozy Cotton Scarf","10011030950113","1","Brown","https://cdn.shopify.com/s/files/1/0852/8484/7908/files/21_5976761b-8981-43a1-a899-dc1989c027bc.jpg?v=1737468807",""
"Lvs56223","Stripy Kuwaiti Clips Cap","10422422127500","1","Cafe","https://cdn.shopify.com/s/files/1/0852/8484/7908/files/3_2f0333ae-bbb5-4177-a7b7-67ae284936b4.jpg?v=1737468688",""
"Lvs56224","Fine Mini Ribbed Pullover","10590165821700","1","Free Size / 10","https://cdn.shopify.com/s/files/1/0852/8484/7908/files/9_c345b72a-87c0-4f4d-bbe1-00bef808b672.jpg?v=1737469795",""
"Lvs56224","Fine Mini Ribbed Pullover","10590165816300","1","Free Size / 13","https://cdn.shopify.com/s/files/1/0852/8484/7908/files/12_e7d3caf8-2aa6-4295-952c-4358f8a9b3cf.jpg?v=1737469795",""
"Lvs56224","Fine Mini Ribbed Pullover","10590165817100","1","Free Size / 19","https://cdn.shopify.com/s/files/1/0852/8484/7908/files/18_76ed53ba-9eb7-4442-b616-870bff1d8845.jpg?v=1737469795",""
"Lvs56224","Fine Mini Ribbed Pullover","10090165820900","1","Free Size / 12","https://cdn.shopify.com/s/files/1/0852/8484/7908/files/11_d1b3c279-b4e4-4fb3-ab0a-6e1fde745be5.jpg?v=1737469795",""
"Lvs56224","Fine Mini Ribbed Pullover","10590165804600","1","Free Size / 11","https://cdn.shopify.com/s/files/1/0852/8484/7908/files/10_8e2242e6-d986-4eef-aaba-958713d40520.jpg?v=1737469795",""
"Lvs56224","Basic Knitwear","76090164715000","1","Free Size / Green","https://cdn.shopify.com/s/files/1/0852/8484/7908/files/7_eff94819-55cf-4750-9cd7-acf657253ee7.jpg?v=1737469781",""
"Lvs56224","Basic Knitwear","76090164709500","1","Free Size / Ginger Orange","https://cdn.shopify.com/s/files/1/0852/8484/7908/files/3_dc26b28b-bf1c-4f49-a23a-6cf71b7918af.jpg?v=1737469781",""
"Lvs56224","Basic Pullover","76590190904800","1","Fushcia / Free Size","https://cdn.shopify.com/s/files/1/0852/8484/7908/files/3_710339f9-83ad-4853-8a94-e2af0fc3664b.jpg?v=1737468274",""
"Lvs56224","Basic Pullover","76590190900700","1","Cafe / Free Size","https://cdn.shopify.com/s/files/1/0852/8484/7908/files/2_c50ab374-182e-4b40-a575-332fe2ed9aee.jpg?v=1737468274",""
"Lvs56225","Golden Velvet Kaftan","12596364070200","1","","https://cdn.shopify.com/s/files/1/0852/8484/7908/files/3_8f49638a-17f2-43b6-95c8-05a6b1aaf68d.jpg?v=1739175540",""
"Lvs56226","Must-Have Cotton Scarf","10413085312198","1","Lavender","https://cdn.shopify.com/s/files/1/0852/8484/7908/files/10011013584121.jpg?v=1737469586",""
"Lvs56227","Diamond Lycra Scarf","10513081302698","1","Rose","https://cdn.shopify.com/s/files/1/0852/8484/7908/files/1_6bfe6710-28c9-43af-8783-cd92a6cd8620.jpg?v=1739195099",""
"Lvs56227","Scroll Lycra Scarf","10413081412198","1","Grey","https://cdn.shopify.com/s/files/1/0852/8484/7908/files/4_fdf9df48-c1b2-4c54-825c-658ed8ee3f43.jpg?v=1737468794",""
"Lvs56227","Neat Lycra Scarf","10413081921798","1","Black","https://cdn.shopify.com/s/files/1/0852/8484/7908/files/7_12ce3444-d836-44f9-a00d-038712b10cdb.jpg?v=1737468297",""
"Lvs56228","Stone Leopard Printed Scarf","10413050054198","1","","https://cdn.shopify.com/s/files/1/0852/8484/7908/files/9_79e53eb6-39a7-4c7e-b05f-5d3f64089027.jpg?v=1740671186",""
"Lvs56229","Wild Kaftan","12596365472200","1","","https://cdn.shopify.com/s/files/1/0852/8484/7908/files/1_881fe8a9-0bac-42a8-a487-0f42a222d238.jpg?v=1740907367",""
"Lvs56230","Cozy Cotton Scarf","10011030950202","1","Neon Indigo","https://cdn.shopify.com/s/files/1/0852/8484/7908/files/8_a5706357-b231-4b97-beea-77aa289b90be.jpg?v=1737468813",""
"Lvs56230","Cozy Cotton Scarf","10413095000898","1","Orange Peach","https://cdn.shopify.com/s/files/1/0852/8484/7908/files/5_a58c505e-2eb8-4b29-b462-4c699bf1e61b.jpg?v=1737468804",""
"Lvs56230","Cozy Cotton Scarf","10011030950001","1","White","https://cdn.shopify.com/s/files/1/0852/8484/7908/files/1_dad55f27-a443-4d71-9eb7-7db51131d89a.jpg?v=1737468812",""
"Lvs56230","Cozy Cotton Scarf","10413095022198","1","Chocolate","https://cdn.shopify.com/s/files/1/0852/8484/7908/files/46_93218ff2-2951-41ec-9e47-489bff86e29d.jpg?v=1737468809",""
"Lvs56230","Cozy Cotton Scarf","10413095014398","1","Seafoam","https://cdn.shopify.com/s/files/1/0852/8484/7908/files/30_c7298118-876f-4dab-9f6a-ad54886edf89.jpg?v=1737468812",""
"Lvs56230","Cozy Cotton Scarf","10413095013898","1","Turqoise","https://cdn.shopify.com/s/files/1/0852/8484/7908/files/29_09196fce-3a61-444e-b8e3-5481f598535d.jpg?v=1737468811",""
"Lvs56230","Cozy Cotton Scarf","10011030950168","1","Olive","https://cdn.shopify.com/s/files/1/0852/8484/7908/files/37_9c4a6836-f99f-48ee-979a-bcc9c255e1b3.jpg?v=1737468809",""
"Lvs56230","Cozy Cotton Scarf","10413095021498","1","Navy","https://cdn.shopify.com/s/files/1/0852/8484/7908/files/43_f3b09166-6d9f-42b3-8d49-fbf641ae91a7.jpg?v=1737468809",""
"Lvs56230","Cozy Cotton Scarf","10011030950199","2","Steel Blue","https://cdn.shopify.com/s/files/1/0852/8484/7908/files/41_7d91e68c-b5df-479c-b483-da2b417787d2.jpg?v=1737468809",""
"Lvs56230","Cozy Cotton Scarf","10413095018698","1","Sky Blue","https://cdn.shopify.com/s/files/1/0852/8484/7908/files/39_5a293424-7894-409c-8b7b-f7298e3d0074.jpg?v=1737468808",""
"Lvs56230","Cozy Cotton Scarf","10011030950162","1","Light Green","https://cdn.shopify.com/s/files/1/0852/8484/7908/files/7_7f20ead2-91f5-468b-8ff9-5f9253ce5f87.jpg?v=1737468813",""
"Lvs56230","Cozy Cotton Scarf","10413095016198","1","Pastel Orange","https://cdn.shopify.com/s/files/1/0852/8484/7908/files/33_c81279ae-cbab-4dec-a592-611df1e2c528.jpg?v=1737468808",""
"Lvs56230","Cozy Cotton Scarf","10011030950132","1","Lead","https://cdn.shopify.com/s/files/1/0852/8484/7908/files/27_e188f0a0-7dab-4a99-98cc-1894728930ca.jpg?v=1737468807",""
"Lvs56230","Cozy Cotton Scarf","10413095008398","2","Mulberry","https://cdn.shopify.com/s/files/1/0852/8484/7908/files/4_c1ee4678-bcb1-4c05-bd58-e43e46ac2b6b.jpg?v=1737468812",""
"Lvs56230","Cozy Cotton Scarf","10011030950114","1","Laurel Green","https://cdn.shopify.com/s/files/1/0852/8484/7908/files/22_bad0051e-e6cf-44b7-ae56-64ab4bb1f877.jpg?v=1737468806",""
"Lvs56230","Cozy Cotton Scarf","10011030950167","1","Sepia","https://cdn.shopify.com/s/files/1/0852/8484/7908/files/36_5ea7d676-551d-40dd-a83e-f3b7e24d2d9c.jpg?v=1737468808",""
"Lvs56231","Fitted Easy Go Shirt","16599495000220","1","Offwhite / S/M","https://cdn.shopify.com/s/files/1/0852/8484/7908/files/2_e7f1fd83-3684-4eb9-a814-409d4a885de4.jpg?v=1737468279",""
"Lvs56231","Breeze Loose Top","31499464801920","1","Rose / S/M","https://cdn.shopify.com/s/files/1/0852/8484/7908/files/6_bc3f37a6-c4fb-42d1-9083-7731263828c9.jpg?v=1737469010",""
"Lvs56232","Plain Winter Shawl","60077074111001","1","28","https://cdn.shopify.com/s/files/1/0852/8484/7908/files/98_73a4f97b-9c20-44e4-9ca4-8909f2eebca9.jpg?v=1737469864",""
"Lvs56232","Plain Winter Shawl","60077074111144","1","21","https://cdn.shopify.com/s/files/1/0852/8484/7908/files/92_ab8e9157-372c-408a-aa8d-56092192638a.jpg?v=1737469864",""
"Lvs56232","Essential Shawl","60577011902200","1","PowderPink","https://cdn.shopify.com/s/files/1/0852/8484/7908/files/9_fb0d37e0-0844-4c0d-b21e-a5591f7cda73.jpg?v=1738485584",""
"Lvs56232","Essential Shawl","60077074119215","1","Navy","https://cdn.shopify.com/s/files/1/0852/8484/7908/files/6_fda898ff-59bd-47fe-bf4c-2bd4a21b0b4e.jpg?v=1738485584",""
"Lvs56232","Essential Shawl","60577011908200","1","Red","https://cdn.shopify.com/s/files/1/0852/8484/7908/files/12_60e6f56b-784a-41cb-b0db-34b8b747e6d0.jpg?v=1738485584",""
"Lvs56233","Wool Zigzag Coat","68590964321700","1","Black / Free Size","https://cdn.shopify.com/s/files/1/0852/8484/7908/files/4_5844c771-7476-4769-84df-d4ec8adeea5b.jpg?v=1737468267",""
"Lvs56234","Cozy Cotton Scarf","10011030950217","1","Black","https://cdn.shopify.com/s/files/1/0852/8484/7908/files/44_91b421b9-f3b1-4e65-a518-6223198902d4.jpg?v=1737468809",""
"Lvs56234","Cozy Cotton Scarf","10011030950121","1","Cloudy","https://cdn.shopify.com/s/files/1/0852/8484/7908/files/25_031ddbb3-731d-413a-8d44-0fb07d2bef4b.jpg?v=1737468807",""
"Lvs56235","No Thread Underscarf","10422323021700","1","Black","https://cdn.shopify.com/s/files/1/0852/8484/7908/files/19_26f35b78-db74-49ff-be17-a58461e36c8e.jpg?v=1737468670",""
"Lvs56235","Cozy Cotton Scarf","10011030950113","1","Brown","https://cdn.shopify.com/s/files/1/0852/8484/7908/files/21_5976761b-8981-43a1-a899-dc1989c027bc.jpg?v=1737468807",""
"Lvs56235","Cozy Cotton Scarf","10011030950199","2","Steel Blue","https://cdn.shopify.com/s/files/1/0852/8484/7908/files/41_7d91e68c-b5df-479c-b483-da2b417787d2.jpg?v=1737468809",""
"Lvs56235","Cozy Cotton Scarf","10011030950217","2","Black","https://cdn.shopify.com/s/files/1/0852/8484/7908/files/44_91b421b9-f3b1-4e65-a518-6223198902d4.jpg?v=1737468809",""
"Lvs56235","Cozy Cotton Scarf","10413095008398","1","Mulberry","https://cdn.shopify.com/s/files/1/0852/8484/7908/files/4_c1ee4678-bcb1-4c05-bd58-e43e46ac2b6b.jpg?v=1737468812",""
"Lvs56236","Modal Cotton Scarf","10513095716098","1","PickleGreen","https://cdn.shopify.com/s/files/1/0852/8484/7908/files/15_09f473c4-d086-492d-b27a-ec9838066145.jpg?v=1740760594",""
"Lvs56236","Modal Cotton Scarf","10413095700198","1","White","https://cdn.shopify.com/s/files/1/0852/8484/7908/files/1_b9a4c199-4fa5-464e-af8e-6bcb4cbfa2c4.jpg?v=1740760594",""
"Lvs56237","No Thread Underscarf","10522323000200","1","Offwhite","https://cdn.shopify.com/s/files/1/0852/8484/7908/files/2_0c5047aa-aae1-45b5-a7c4-d9ce64719c78.jpg?v=1737468669",""
"Lvs56237","Striped Satin Chiffon Scarf","10412006421798","1","Black","https://cdn.shopify.com/s/files/1/0852/8484/7908/files/9_baf9b65e-dbd1-49c2-9241-934c5df56b5e.jpg?v=1737902996",""
"Lvs56237","Striped Satin Chiffon Scarf","10412006428998","1","FawnBrwon","https://cdn.shopify.com/s/files/1/0852/8484/7908/files/13_f21103ba-1023-40a3-bd34-d2096bb4c9cb.jpg?v=1737902996",""
"Lvs56238","No Thread Underscarf","10522323000200","1","Offwhite","https://cdn.shopify.com/s/files/1/0852/8484/7908/files/2_0c5047aa-aae1-45b5-a7c4-d9ce64719c78.jpg?v=1737468669",""
"Lvs56238","Cozy Cotton Scarf","10413095022198","1","Chocolate","https://cdn.shopify.com/s/files/1/0852/8484/7908/files/46_93218ff2-2951-41ec-9e47-489bff86e29d.jpg?v=1737468809",""
"Lvs56238","Cozy Cotton Scarf","10011030950172","1","MossGreen","https://cdn.shopify.com/s/files/1/0852/8484/7908/files/38_29ebc19f-0358-4d0e-b9e9-3395e334f4e7.jpg?v=1737468812",""
"Lvs56238","Cozy Cotton Scarf","10413095011998","1","Heather Purple","https://cdn.shopify.com/s/files/1/0852/8484/7908/files/23_c6e7ad36-f6b6-4eca-a512-37b28ec27ec3.jpg?v=1737468806",""
"Lvs56239","Butterfly Kaftan","62596363436000","1","OliveDrab","https://cdn.shopify.com/s/files/1/0852/8484/7908/files/3_0b819506-0d51-4d18-b205-5fe17c849288.jpg?v=1738838646",""
"Lvs56240","Striped Kuwaiti Scarf","10413095326098","1","Beige","https://cdn.shopify.com/s/files/1/0852/8484/7908/files/10_8bce2a2a-f873-4b8a-9bc4-df2190d7b042.jpg?v=1737468200",""
"Lvs56240","Striped Kuwaiti Scarf","10413095308598","1","Maroon","https://cdn.shopify.com/s/files/1/0852/8484/7908/files/3_3367ffbe-0252-44eb-abcf-69ea60fd45b5.jpg?v=1737468200",""
"Lvs56240","Long Sleeves Vest","10033333121700","1","Free size / Black","https://cdn.shopify.com/s/files/1/0852/8484/7908/products/3C6Cj33SIYF36hum7johZlyHwCZvEZH760uOabUF_0ccd3eee-55a6-499e-920a-0577048fb9a6.jpg?v=1737469844",""
"Lvs56241","Zahra Kaftan","12596365523100","1","","https://cdn.shopify.com/s/files/1/0852/8484/7908/files/1_7f650dbe-1bd4-4ffd-9a85-1ac94d6b05ff.jpg?v=1740907356",""
"Lvs56241","Waves Kaftan","62596364771500","1","","https://cdn.shopify.com/s/files/1/0852/8484/7908/files/1_a64f1d50-b64a-4263-aa82-3330f31fbc10.jpg?v=1740906030",""
"Lvs56241","Layali Kaftan","62596363670400","1","","https://cdn.shopify.com/s/files/1/0852/8484/7908/files/1_7312cd59-cfb1-4390-8a53-e491831e13bf.jpg?v=1739102135",""
"Lvs56241","Wild Kaftan","12596365472200","1","","https://cdn.shopify.com/s/files/1/0852/8484/7908/files/1_881fe8a9-0bac-42a8-a487-0f42a222d238.jpg?v=1740907367",""
"Lvs56242","Double Sided Tape","10488686240100","2","","https://cdn.shopify.com/s/files/1/0852/8484/7908/files/1_fab517a3-2cf2-4a9e-85f3-8f62f5a50b4e.jpg?v=1737469289",""
"Lvs56243","Plain Black Bubbly Abaya","12496261821700","2","","https://cdn.shopify.com/s/files/1/0852/8484/7908/files/1_d3cea16a-6539-4e3c-8884-12cab439aca8.jpg?v=1739880831",""
"Lvs56244","Spark Winter Shawl","60077174130302","1","Black","https://cdn.shopify.com/s/files/1/0852/8484/7908/files/3_1c5bccc6-f028-4126-bd58-5156378b4f6f.jpg?v=1737469375",""
"Lvs56244","Squared Winter Shawl","60077174128301","1","","https://cdn.shopify.com/s/files/1/0852/8484/7908/files/41_a098c13b-316c-4ed5-9bcb-0a106e76b741.jpg?v=1737469373",""
"Lvs56245","Cozy Cotton Scarf","10413095000898","1","Orange Peach","https://cdn.shopify.com/s/files/1/0852/8484/7908/files/5_a58c505e-2eb8-4b29-b462-4c699bf1e61b.jpg?v=1737468804",""
"Lvs56245","Cozy Cotton Scarf","10413095018698","1","Sky Blue","https://cdn.shopify.com/s/files/1/0852/8484/7908/files/39_5a293424-7894-409c-8b7b-f7298e3d0074.jpg?v=1737468808",""
"Lvs56245","Cozy Cotton Scarf","10413095011998","1","Heather Purple","https://cdn.shopify.com/s/files/1/0852/8484/7908/files/23_c6e7ad36-f6b6-4eca-a512-37b28ec27ec3.jpg?v=1737468806",""
"Lvs56245","Cozy Cotton Scarf","10011030950053","1","Fire Orange","https://cdn.shopify.com/s/files/1/0852/8484/7908/files/11_f5aa4b83-0d8d-4ffe-ae1c-24f2a8c85118.jpg?v=1737468805",""
"Lvs56245","Cozy Cotton Scarf","10413095006398","1","Red","https://cdn.shopify.com/s/files/1/0852/8484/7908/files/12_87ed318e-6c6b-47e5-bc81-dfb272152d3f.jpg?v=1737468805",""
"Lvs56245","Cozy Cotton Scarf","10413095021498","1","Navy","https://cdn.shopify.com/s/files/1/0852/8484/7908/files/43_f3b09166-6d9f-42b3-8d49-fbf641ae91a7.jpg?v=1737468809",""
"Lvs56246","Wild Kaftan","12596365472200","1","","https://cdn.shopify.com/s/files/1/0852/8484/7908/files/1_881fe8a9-0bac-42a8-a487-0f42a222d238.jpg?v=1740907367",""
"Lvs56247","Plain Viscose Isdal","62566016121700","1","Black","https://cdn.shopify.com/s/files/1/0852/8484/7908/files/5_8ddca6e5-227c-43f2-997c-077b2c087a59.jpg?v=1739717147",""
"Lvs56248","Double Sided Tape","10488686240100","1","","https://cdn.shopify.com/s/files/1/0852/8484/7908/files/1_fab517a3-2cf2-4a9e-85f3-8f62f5a50b4e.jpg?v=1737469289",""
"Lvs56248","Scarf Straightener","889","1","","https://cdn.shopify.com/s/files/1/0852/8484/7908/files/1_0d99293c-3c5c-46c4-b8db-d0e737e20f56.jpg?v=1737469543",""
"Lvs56249","Zahra Kaftan","12596365523100","1","","https://cdn.shopify.com/s/files/1/0852/8484/7908/files/1_7f650dbe-1bd4-4ffd-9a85-1ac94d6b05ff.jpg?v=1740907356",""
"Lvs56250","Cozy Cotton Scarf","10413095018698","1","Sky Blue","https://cdn.shopify.com/s/files/1/0852/8484/7908/files/39_5a293424-7894-409c-8b7b-f7298e3d0074.jpg?v=1737468808",""
"Lvs56250","Cozy Cotton Scarf","10413095021498","2","Navy","https://cdn.shopify.com/s/files/1/0852/8484/7908/files/43_f3b09166-6d9f-42b3-8d49-fbf641ae91a7.jpg?v=1737468809",""
"Lvs56250","Cozy Cotton Scarf","10011030950199","1","Steel Blue","https://cdn.shopify.com/s/files/1/0852/8484/7908/files/41_7d91e68c-b5df-479c-b483-da2b417787d2.jpg?v=1737468809",""
"Lvs56250","Cozy Cotton Scarf","10413095011998","1","Heather Purple","https://cdn.shopify.com/s/files/1/0852/8484/7908/files/23_c6e7ad36-f6b6-4eca-a512-37b28ec27ec3.jpg?v=1737468806",""
"Lvs56250","Cozy Cotton Scarf","10413095008398","1","Mulberry","https://cdn.shopify.com/s/files/1/0852/8484/7908/files/4_c1ee4678-bcb1-4c05-bd58-e43e46ac2b6b.jpg?v=1737468812",""
"Lvs56250","Cozy Cotton Scarf","10011030950011","2","Sand Beige","https://cdn.shopify.com/s/files/1/0852/8484/7908/files/resize_5dbb4bf5-85e4-4031-981a-26fc7bb78985.jpg?v=1737468813",""
"Lvs56250","Cozy Cotton Scarf","10011030950001","1","White","https://cdn.shopify.com/s/files/1/0852/8484/7908/files/1_dad55f27-a443-4d71-9eb7-7db51131d89a.jpg?v=1737468812",""
"Lvs56250","Cozy Cotton Scarf","10011030950217","2","Black","https://cdn.shopify.com/s/files/1/0852/8484/7908/files/44_91b421b9-f3b1-4e65-a518-6223198902d4.jpg?v=1737468809",""
"Lvs56251","Cotton Crinkle Scarf","10413095900298","1","Offwhite","https://cdn.shopify.com/s/files/1/0852/8484/7908/files/resize_7c012c05-365b-425e-ad81-cd4fd612169f.jpg?v=1737468622",""
"Lvs56251","Blackness Embroidered Linen Scarf","10413099221798","1","","https://cdn.shopify.com/s/files/1/0852/8484/7908/files/4_c6c3c5e8-fe07-44cf-8d05-92158cbf735b.jpg?v=1737468543",""
"Lvs56251","Cotton Crinkle Scarf","10413095926698","1","OatBeige","https://cdn.shopify.com/s/files/1/0852/8484/7908/files/33_d76ef349-4b84-46fd-ba69-44e096e22006.jpg?v=1737468622",""
"Lvs56252","Lunar Elegance Kaftan","12596364500400","1","","https://cdn.shopify.com/s/files/1/0852/8484/7908/files/1_b2e797a4-e623-418c-80d5-e9d0d497a7ff.jpg?v=1739175432",""
"Lvs56253","Diamond Lycra Scarf","10513081312198","1","Grey","https://cdn.shopify.com/s/files/1/0852/8484/7908/files/2_de1f9d16-857c-4f3a-859e-cb9f62282533.jpg?v=1739195028",""
"Lvs56253","Diamond Lycra Scarf","10513081321798","1","Black","https://cdn.shopify.com/s/files/1/0852/8484/7908/files/5_e2b37fc6-ae09-42fe-b4a3-6a813eae9804.jpg?v=1739195028",""
"Lvs56253","Cheetah Lycra Scarf","10513082712598","1","PowderPink","https://cdn.shopify.com/s/files/1/0852/8484/7908/files/5_925b24c2-5b24-410c-a9cf-62240f5632d1.jpg?v=1740660366",""
"Lvs56254","Floral Filigree Chiffon Scarf","10412008425898","1","Creamy","https://cdn.shopify.com/s/files/1/0852/8484/7908/files/3_c50413a2-3f35-4537-b7f4-ae9e4e1e0989.jpg?v=1737892962",""
"Lvs56254","Luxury Satin Chiffon Scarf","10412004309498","1","Tortilla Brown","https://cdn.shopify.com/s/files/1/0852/8484/7908/files/5_eafef54a-c485-4fe4-893a-1998900850f6.jpg?v=1737468751",""
"Lvs56254","Sparkle Satin Chiffon Scarf","10412004229498","1","Brown","https://cdn.shopify.com/s/files/1/0852/8484/7908/files/10412004229498.jpg?v=1737468762",""
"Lvs56255","Honeycomb Lycra Scarf","10513082128998","1","Mauve","https://cdn.shopify.com/s/files/1/0852/8484/7908/files/10_20dd87e8-6fc1-4477-ab0f-62c11a954aa0.jpg?v=1740657130",""
"Lvs56255","Plain F Lycra Scarf","10413080600198","1","Offwhite","https://cdn.shopify.com/s/files/1/0852/8484/7908/files/1_0103a7f8-1112-4ad6-855e-8789f1ed1d91.jpg?v=1737469258",""
"Lvs56255","Honeycomb Lycra Scarf","10513082112698","1","Cafe","https://cdn.shopify.com/s/files/1/0852/8484/7908/files/5_40b26317-96c2-447c-b7e4-06738b5fb09c.jpg?v=1740657130",""
"Lvs56255","Sparkle Satin Chiffon Scarf","10412004201298","1","Latte","https://cdn.shopify.com/s/files/1/0852/8484/7908/files/10412004201298_2.jpg?v=1737468761",""
"Lvs56255","Plain Viscose Isdal","62566016116300","1","LimeGreen","https://cdn.shopify.com/s/files/1/0852/8484/7908/files/3_0815f832-21b5-43f5-bc4b-eb6b8ea01855.jpg?v=1739717147",""
"Lvs56255","Waves Kaftan","62596364771500","1","","https://cdn.shopify.com/s/files/1/0852/8484/7908/files/1_a64f1d50-b64a-4263-aa82-3330f31fbc10.jpg?v=1740906030",""
"Lvs56255","Diamond Lycra Scarf","10513081321798","1","Black","https://cdn.shopify.com/s/files/1/0852/8484/7908/files/5_e2b37fc6-ae09-42fe-b4a3-6a813eae9804.jpg?v=1739195028",""
"Lvs56255","Waves Chiffon Scarf","10412008621798","1","Black","https://cdn.shopify.com/s/files/1/0852/8484/7908/files/2_091fd5bc-6e54-470d-9fe0-7f10ee5878e1.jpg?v=1737893209",""
"Lvs56255","Plain Black Bubbly Abaya","12496261821700","1","","https://cdn.shopify.com/s/files/1/0852/8484/7908/files/1_d3cea16a-6539-4e3c-8884-12cab439aca8.jpg?v=1739880831",""
"Lvs56255","Wild Side Chiffon Scarf","10411001000510","1","Black","https://cdn.shopify.com/s/files/1/0852/8484/7908/files/1_ac83af9c-56af-4edd-88f4-080a6912601a.jpg?v=1737468209",""
"Lvs56255","Neat Lycra Scarf","10413081912698","1","Smokey","https://cdn.shopify.com/s/files/1/0852/8484/7908/files/6_f4ad0872-5d04-46ae-bd77-bce6a92edb25.jpg?v=1737468297",""
"Lvs56255","Neat Lycra Scarf","10413081901298","1","Griege","https://cdn.shopify.com/s/files/1/0852/8484/7908/files/2_16e12da5-87a4-457d-94ec-3da5a0e40461.jpg?v=1737468296",""
"Lvs56255","Scroll Lycra Scarf","10413081402698","1","DustyRose","https://cdn.shopify.com/s/files/1/0852/8484/7908/files/re_ea7cba52-391d-4f23-a6a2-c99c5d51b381.jpg?v=1737468794",""
"Lvs56256","Plain Viscose Isdal","62566016111300","1","Cafe","https://cdn.shopify.com/s/files/1/0852/8484/7908/files/2_3bd483ac-9a34-4136-9366-6f1b27a762b2.jpg?v=1739717147",""
"Lvs56257","Floral Filigree Chiffon Scarf","10412008421798","1","Black","https://cdn.shopify.com/s/files/1/0852/8484/7908/files/2_2ee1d5c7-db03-45c1-b016-371599cfbd5a.jpg?v=1737892962",""
"Lvs56258","Short Basic Fit Pullover","10590165600400","1","Free Size / LightBeige","https://cdn.shopify.com/s/files/1/0852/8484/7908/files/2_8a196c30-4d3c-42ca-8ff9-494b858895de.jpg?v=1737469800",""
"Lvs56258","Short Basic Fit Pullover","10090165600200","1","Free Size / Creamy","https://cdn.shopify.com/s/files/1/0852/8484/7908/files/15_11626c7e-7205-4b11-a3e1-371cfe4e8ca3.jpg?v=1737469800",""
"Lvs56259","Cozy Cotton Scarf","10011030950217","1","Black","https://cdn.shopify.com/s/files/1/0852/8484/7908/files/44_91b421b9-f3b1-4e65-a518-6223198902d4.jpg?v=1737468809",""
"Lvs56259","Cozy Cotton Scarf","10011030950114","1","Laurel Green","https://cdn.shopify.com/s/files/1/0852/8484/7908/files/22_bad0051e-e6cf-44b7-ae56-64ab4bb1f877.jpg?v=1737468806",""
"Lvs56259","Cozy Cotton Scarf","10011030950011","1","Sand Beige","https://cdn.shopify.com/s/files/1/0852/8484/7908/files/resize_5dbb4bf5-85e4-4031-981a-26fc7bb78985.jpg?v=1737468813",""
"Lvs56259","Cozy Cotton Scarf","10413095022198","1","Chocolate","https://cdn.shopify.com/s/files/1/0852/8484/7908/files/46_93218ff2-2951-41ec-9e47-489bff86e29d.jpg?v=1737468809",""
"Lvs56260","Cotton Undershirt Short Neck","10433434221730","2","Medium / Black","https://cdn.shopify.com/s/files/1/0852/8484/7908/products/mML8ckPS41o0QNbIgA9ljv8oz6T4B0yfllJw4WUM_312de947-708e-4949-82ad-a22537225843.jpg?v=1737469851",""
"Lvs56261","Neat Lycra Scarf","10413081921798","1","Black","https://cdn.shopify.com/s/files/1/0852/8484/7908/files/7_12ce3444-d836-44f9-a00d-038712b10cdb.jpg?v=1737468297",""
"Lvs56261","Zahra Kaftan","12596365523100","1","","https://cdn.shopify.com/s/files/1/0852/8484/7908/files/1_7f650dbe-1bd4-4ffd-9a85-1ac94d6b05ff.jpg?v=1740907356",""
"Lvs56262","Abstract Satin Chiffon Scarf","10412003634698","1","Pink","https://cdn.shopify.com/s/files/1/0852/8484/7908/files/10_7368ca2e-86da-4228-9888-2a3ec5a508d4.jpg?v=1737468317",""
"Lvs56262","Abstract Satin Chiffon Scarf","10412003600298","1","Offwhite","https://cdn.shopify.com/s/files/1/0852/8484/7908/files/1_2a3affec-f823-4cab-bc58-4a7cee8b76b5.jpg?v=1737468316",""
"Lvs56262","Striped Satin Chiffon Scarf","10412006412698","1","Grey","https://cdn.shopify.com/s/files/1/0852/8484/7908/files/7_0745d0eb-ab64-40c7-ab56-52ff37aac145.jpg?v=1737902996",""
"Lvs56262","Striped Satin Chiffon Scarf","10412006416098","1","Olive","https://cdn.shopify.com/s/files/1/0852/8484/7908/files/8_d9bce343-8289-49a4-919d-9bec11ecc471.jpg?v=1737902996",""
"Lvs56262","Striped Satin Chiffon Scarf","10412006402598","1","Latte","https://cdn.shopify.com/s/files/1/0852/8484/7908/files/4_64d82935-dc30-4b80-a81c-b4f5586ea375.jpg?v=1737903010",""
"Lvs56263","Fairy Tale Scarf","10011010141002","1","OffWhite","https://cdn.shopify.com/s/files/1/0852/8484/7908/files/2_2371962c-239a-429d-b8d4-e139b9da91ef.jpg?v=1737469647",""
"Lvs56263","Short Basic Fit Pullover","10090165600200","1","Free Size / Creamy","https://cdn.shopify.com/s/files/1/0852/8484/7908/files/15_11626c7e-7205-4b11-a3e1-371cfe4e8ca3.jpg?v=1737469800",""
"Lvs56264","Fine Mini Ribbed Pullover","10590165821700","1","Free Size / 10","https://cdn.shopify.com/s/files/1/0852/8484/7908/files/9_c345b72a-87c0-4f4d-bbe1-00bef808b672.jpg?v=1737469795",""
"Lvs56264","Fine Mini Ribbed Pullover","10590165800200","1","Free Size / 9","https://cdn.shopify.com/s/files/1/0852/8484/7908/files/8_75db67b5-ad55-4108-9d38-1f40a7367217.jpg?v=1737469794",""
"Lvs56265","Cozy Cotton Scarf","10413095008398","1","Mulberry","https://cdn.shopify.com/s/files/1/0852/8484/7908/files/4_c1ee4678-bcb1-4c05-bd58-e43e46ac2b6b.jpg?v=1737468812",""
"Lvs56265","Cozy Cotton Scarf","10011030950217","1","Black","https://cdn.shopify.com/s/files/1/0852/8484/7908/files/44_91b421b9-f3b1-4e65-a518-6223198902d4.jpg?v=1737468809",""
"Lvs56265","Cozy Cotton Scarf","10011030950199","1","Steel Blue","https://cdn.shopify.com/s/files/1/0852/8484/7908/files/41_7d91e68c-b5df-479c-b483-da2b417787d2.jpg?v=1737468809",""
"Lvs56265","Cozy Cotton Scarf","10413095014398","1","Seafoam","https://cdn.shopify.com/s/files/1/0852/8484/7908/files/30_c7298118-876f-4dab-9f6a-ad54886edf89.jpg?v=1737468812",""
"Lvs56266","Sage Blossom Khemar Isdal","57566023661300","1","","https://cdn.shopify.com/s/files/1/0852/8484/7908/files/1_dfe62506-5868-449b-97f7-10dbceec9adf.jpg?v=1739905412",""
"Lvs56267","Portable Isdal","12488484121400","1","Navy / Free size","https://cdn.shopify.com/s/files/1/0852/8484/7908/products/6_7538c4e0-2e7d-41b8-977d-51beea432a7d.jpg?v=1737469463",""
"Lvs56268","Modal Cotton Scarf","10513095741698","1","PearlyPurple","https://cdn.shopify.com/s/files/1/0852/8484/7908/files/27_68b77a07-fad5-4d16-a56b-3f03408178ab.jpg?v=1740760594",""
"Lvs56268","Cozy Cotton Scarf","10413095008398","1","Mulberry","https://cdn.shopify.com/s/files/1/0852/8484/7908/files/4_c1ee4678-bcb1-4c05-bd58-e43e46ac2b6b.jpg?v=1737468812",""
"Lvs56268","Cozy Cotton Scarf","10413095022198","1","Chocolate","https://cdn.shopify.com/s/files/1/0852/8484/7908/files/46_93218ff2-2951-41ec-9e47-489bff86e29d.jpg?v=1737468809",""
"Lvs56268","Cozy Cotton Scarf","10011030950217","1","Black","https://cdn.shopify.com/s/files/1/0852/8484/7908/files/44_91b421b9-f3b1-4e65-a518-6223198902d4.jpg?v=1737468809",""
"Lvs56268","Cozy Cotton Scarf","10413095006398","1","Red","https://cdn.shopify.com/s/files/1/0852/8484/7908/files/12_87ed318e-6c6b-47e5-bc81-dfb272152d3f.jpg?v=1737468805",""
"Lvs56269","Easy Closed Wrap Scarf","10513094442096","1","Grey","https://cdn.shopify.com/s/files/1/0852/8484/7908/files/6_7d7ad189-1b23-4c79-875c-7f628cdf44e8.jpg?v=1737625362",""
"Lvs56270","Iris Viscose Isdal","57466013660600","1","Free size","https://cdn.shopify.com/s/files/1/0852/8484/7908/files/16_25f6d412-1490-429f-b23c-9397d868bcb9.jpg?v=1737468995",""
"Lvs56271","Long Ribbed Pullover","10090166000400","1","LightCafe / Free Size","https://cdn.shopify.com/s/files/1/0852/8484/7908/files/13_5349034d-4640-4d53-b9d5-60639627aa7f.jpg?v=1737469832",""
"Lvs56271","Dainty Satin Chiffon Scarf","10412005902298","1","Rose","https://cdn.shopify.com/s/files/1/0852/8484/7908/files/3_8c7638e7-f6bb-4d70-9ea0-22a876e0cb0d.jpg?v=1737468303",""
"Lvs56271","Vital Chiffon Scarf (Big Size)","10512002303798","1","MarigoldOrange","https://cdn.shopify.com/s/files/1/0852/8484/7908/files/19_ebdb2bbf-cc2e-43f5-90f6-ac1d7144764a.jpg?v=1737561440",""
"Lvs56271","Wide Leg Basic Pants","14590550413940","1","MintGreen / L/XL","https://cdn.shopify.com/s/files/1/0852/8484/7908/files/3_5105186e-61f2-48f4-a71a-9b1a2df0d6bb.jpg?v=1737468338",""
"Lvs56271","Wide Leg Basic Pants","14590550432340","1","ChannelGrey / L/XL","https://cdn.shopify.com/s/files/1/0852/8484/7908/files/4_771418f0-b311-4daf-81e1-a84442ab9bdb.jpg?v=1737468339",""
"Lvs56272","Pleated Puffed Chemise","10033535000260","1","2XL / OffWhite","https://cdn.shopify.com/s/files/1/0852/8484/7908/files/2_28001d7c-cd1d-4c8b-b925-6bdd09bd9a48.jpg?v=1737469842",""
"Lvs56273","Blurred Check Shawl","60577171921700","1","Black","https://cdn.shopify.com/s/files/1/0852/8484/7908/files/82_5fa44ffa-1940-4ec0-a577-7eae82768692.jpg?v=1737468159",""
"Lvs56273","Fine Mini Ribbed Pullover","10590165800200","2","Free Size / 9","https://cdn.shopify.com/s/files/1/0852/8484/7908/files/8_75db67b5-ad55-4108-9d38-1f40a7367217.jpg?v=1737469794",""
"Lvs56273","Fine Mini Ribbed Pullover","10590165821700","2","Free Size / 10","https://cdn.shopify.com/s/files/1/0852/8484/7908/files/9_c345b72a-87c0-4f4d-bbe1-00bef808b672.jpg?v=1737469795",""
"Lvs56273","Cozy Cotton Scarf","10413095008398","1","Mulberry","https://cdn.shopify.com/s/files/1/0852/8484/7908/files/4_c1ee4678-bcb1-4c05-bd58-e43e46ac2b6b.jpg?v=1737468812",""
"Lvs56273","Cozy Cotton Scarf","10011030950113","1","Brown","https://cdn.shopify.com/s/files/1/0852/8484/7908/files/21_5976761b-8981-43a1-a899-dc1989c027bc.jpg?v=1737468807",""
"Lvs56273","Cozy Cotton Scarf","10011030950217","1","Black","https://cdn.shopify.com/s/files/1/0852/8484/7908/files/44_91b421b9-f3b1-4e65-a518-6223198902d4.jpg?v=1737468809",""
"Lvs56273","Cozy Cotton Scarf","10413095021498","1","Navy","https://cdn.shopify.com/s/files/1/0852/8484/7908/files/43_f3b09166-6d9f-42b3-8d49-fbf641ae91a7.jpg?v=1737468809",""
"Lvs56273","Cozy Cotton Scarf","10011030950002","1","Offwhite","https://cdn.shopify.com/s/files/1/0852/8484/7908/files/2_f980fc1e-5bdc-4be3-928a-332b7d52cd64.jpg?v=1737468804",""
"Lvs56273","Marble Chiffon Scarf","10011001015900","1","Black","https://cdn.shopify.com/s/files/1/0852/8484/7908/files/2_fb785d07-e7e0-471f-8f26-36f1e56b9fa4.jpg?v=1737469292",""
"Lvs56273","Light Gradient Cotton Scarf","60011010212169","1","2","https://cdn.shopify.com/s/files/1/0852/8484/7908/files/2_d241b0a0-b50b-4023-b3db-1db7f1572470.jpg?v=1737468832",""
"Lvs56273","Rock Stone Scarf","60011011121700","1","12","https://cdn.shopify.com/s/files/1/0852/8484/7908/files/1_7f8d492a-8654-4d8e-83b4-53fc58f252a3.jpg?v=1737469698",""
"Lvs56274","Essential Shawl","60577011904700","1","Fushcia","https://cdn.shopify.com/s/files/1/0852/8484/7908/files/10_2c01ba6b-3a32-49c3-9263-38e8af22964d.jpg?v=1738485584",""
"Lvs56275","No Thread Underscarf","10422323000100","1","White","https://cdn.shopify.com/s/files/1/0852/8484/7908/files/1_d014db4d-01de-44a2-9e22-8a0af62d4bbc.jpg?v=1737468669",""
"Lvs56275","No Thread Underscarf","10422323021700","1","Black","https://cdn.shopify.com/s/files/1/0852/8484/7908/files/19_26f35b78-db74-49ff-be17-a58461e36c8e.jpg?v=1737468670",""
"Lvs56275","Kuwaiti Basic Scarf","10413097521798","1","Black","https://cdn.shopify.com/s/files/1/0852/8484/7908/files/17_7dc349fe-2a70-4f20-afa3-5f66fd2b9947.jpg?v=1739111812",""
"Lvs56275","Kuwaiti Basic Scarf","10011030975001","1","White","https://cdn.shopify.com/s/files/1/0852/8484/7908/files/1_0bab0464-31f8-4e1e-a7be-e546fa674f99.jpg?v=1739111812",""
"Lvs56276","Cozy Cotton Scarf","10011030950032","1","Blush","https://cdn.shopify.com/s/files/1/0852/8484/7908/files/3_8e260d41-20c2-4be8-ac08-f252dabbc0d7.jpg?v=1737468812",""
"Lvs56276","Cozy Cotton Scarf","10011030950113","1","Brown","https://cdn.shopify.com/s/files/1/0852/8484/7908/files/21_5976761b-8981-43a1-a899-dc1989c027bc.jpg?v=1737468807",""
"Lvs56276","Cozy Cotton Scarf","10011030950163","1","LimeGreen","https://cdn.shopify.com/s/files/1/0852/8484/7908/files/34_737d0b94-1c51-4fa3-8936-bb58ad995e20.jpg?v=1737468809",""
"Lvs56277","Leopard Whisper Shawl","10577172573300","1","","https://cdn.shopify.com/s/files/1/0852/8484/7908/files/4_e085eefb-e6ff-4496-9b6a-cf5d353ded3f.jpg?v=1739095835",""
"Lvs56278","Cotton Undershirt Short Neck","10433434200230","1","Medium / OffWhite","https://cdn.shopify.com/s/files/1/0852/8484/7908/products/IFa9eI10A2lpjOXuVeFsXM6okWqhVrtN7vmlFdhr_fd21e4f5-c800-473b-996e-7a45a024266d.jpg?v=1737469851",""
"Lvs56278","Pleated Puffed Chemise","10033535000230","1","Medium / OffWhite","https://cdn.shopify.com/s/files/1/0852/8484/7908/files/2_28001d7c-cd1d-4c8b-b925-6bdd09bd9a48.jpg?v=1737469842",""
"Lvs56279","No Thread Underscarf","10422323021700","1","Black","https://cdn.shopify.com/s/files/1/0852/8484/7908/files/19_26f35b78-db74-49ff-be17-a58461e36c8e.jpg?v=1737468670",""
"Lvs56279","No Thread Underscarf","10422323000100","1","White","https://cdn.shopify.com/s/files/1/0852/8484/7908/files/1_d014db4d-01de-44a2-9e22-8a0af62d4bbc.jpg?v=1737468669",""
"Lvs56280","Printed Square Chiffon Scarf","10412055146499","1","19","https://cdn.shopify.com/s/files/1/0852/8484/7908/files/10412055146499.jpg?v=1737468890",""
"Lvs56280","Printed Cotton Square Scarf","10413055152699","1","12","https://cdn.shopify.com/s/files/1/0852/8484/7908/files/12_4bdeb7f0-4881-4d04-b48d-1afea2d905de.jpg?v=1737468870",""
"Lvs56280","Printed Cotton Square Scarf","10413055148499","1","7","https://cdn.shopify.com/s/files/1/0852/8484/7908/files/7_0b7ebb0f-e63f-45d0-9384-b05a3620e548.jpg?v=1737468869",""
"Lvs56280","Printed Cotton Square Scarf","10413055146999","1","6","https://cdn.shopify.com/s/files/1/0852/8484/7908/files/6_d72b1bed-47d7-4824-899a-f2a05a2f2a7e.jpg?v=1737468869",""
"Lvs56281","Elegant Wild Chiffon Scarf","10412050049298","1","3","https://cdn.shopify.com/s/files/1/0852/8484/7908/files/9_99851ac2-067a-4552-83a3-4c52403618e3.jpg?v=1737468061",""
"Lvs56281","Vital Chiffon Scarf (Small Size)","10512002201298","1","OatBeige","https://cdn.shopify.com/s/files/1/0852/8484/7908/files/9_0489959f-4587-4fa8-b906-73a805b6cfc1.jpg?v=1739187677",""
"Lvs56281","Vital Chiffon Scarf (Small Size)","10512002226398","1","LinenBeige","https://cdn.shopify.com/s/files/1/0852/8484/7908/files/37_fbf46f2b-e681-48a6-aa1d-33272425049d.jpg?v=1739187677",""
"Lvs56281","Charcoal Leopard Chiffon Scarf","10412051716698","1","","https://cdn.shopify.com/s/files/1/0852/8484/7908/files/10412051716698.jpg?v=1737468056",""
"Lvs56282","Abaya Dress","62496261701300","1","Beige","https://cdn.shopify.com/s/files/1/0852/8484/7908/files/1_47b6de6f-8773-4414-8e41-4af3f551a5b0.jpg?v=1740049784",""
"Lvs56283","Cozy Cotton Scarf","10011030950001","1","White","https://cdn.shopify.com/s/files/1/0852/8484/7908/files/1_dad55f27-a443-4d71-9eb7-7db51131d89a.jpg?v=1737468812",""
"Lvs56283","Cozy Cotton Scarf","10413095014398","1","Seafoam","https://cdn.shopify.com/s/files/1/0852/8484/7908/files/30_c7298118-876f-4dab-9f6a-ad54886edf89.jpg?v=1737468812",""
"Lvs56283","Cozy Cotton Scarf","10413095008398","1","Mulberry","https://cdn.shopify.com/s/files/1/0852/8484/7908/files/4_c1ee4678-bcb1-4c05-bd58-e43e46ac2b6b.jpg?v=1737468812",""
"Lvs56284","Black Wave Half Printed Isdal","62566013761500","1","","https://cdn.shopify.com/s/files/1/0852/8484/7908/files/4_5614ec4d-7108-44a4-bbb3-68c1fd97afb3.jpg?v=1740225438",""
"Lvs56284","Sahara Kaftan","12596363970700","1","","https://cdn.shopify.com/s/files/1/0852/8484/7908/files/2_e25b37ec-a6b7-4513-a7f2-f6a83992c9fb.jpg?v=1740228209",""
"Lvs56285","Ready Tulle Scarf","57422525321700","1","","https://cdn.shopify.com/s/files/1/0852/8484/7908/files/5_d8aef0ef-e614-448f-9860-18bc88c8e951.jpg?v=1737468981",""
"Lvs56285","Modal Cotton Scarf","10513095726898","1","Nude","https://cdn.shopify.com/s/files/1/0852/8484/7908/files/23_7b13e753-c60e-4257-8c8c-4d2d1c902cde.jpg?v=1740760594",""
"Lvs56285","Modal Cotton Scarf","10513095721798","1","Black","https://cdn.shopify.com/s/files/1/0852/8484/7908/files/21_32a1466c-55b2-4ccb-9be3-7596d7da77b8.jpg?v=1740760594",""
"Lvs56286","Easy Opened Wrap Scarf","10513098633797","1","Brown","https://cdn.shopify.com/s/files/1/0852/8484/7908/files/3_182d9d79-52ab-4f0e-a772-96814ef3958b.jpg?v=1740308653",""
"Lvs56286","Double Sided Tape","10488686240100","1","","https://cdn.shopify.com/s/files/1/0852/8484/7908/files/1_fab517a3-2cf2-4a9e-85f3-8f62f5a50b4e.jpg?v=1737469289",""
"Lvs56286","Modal Cotton Scarf","10513095721498","1","Navy","https://cdn.shopify.com/s/files/1/0852/8484/7908/files/20_dec89618-5855-43b7-9274-db218ba0e33e.jpg?v=1740760594",""
"Lvs56286","Kuwaiti Basic Scarf","10413097521798","1","Black","https://cdn.shopify.com/s/files/1/0852/8484/7908/files/17_7dc349fe-2a70-4f20-afa3-5f66fd2b9947.jpg?v=1739111812",""
"Lvs56287","Matte Magnet Pin With Logo","60444142320600","1","3","https://cdn.shopify.com/s/files/1/0852/8484/7908/files/3_0b16b851-3b60-4c3e-a7ae-a733d5867f05.jpg?v=1737469893",""
"Lvs56287","Scarf Straightener","889","1","","https://cdn.shopify.com/s/files/1/0852/8484/7908/files/1_0d99293c-3c5c-46c4-b8db-d0e737e20f56.jpg?v=1737469543",""
"Lvs56288","Inner Silk Underscarf","10022424621700","1","Black","https://cdn.shopify.com/s/files/1/0852/8484/7908/files/3_62787699-b481-4541-9d9b-57008e853659.jpg?v=1737469720",""
"Lvs56289","Modal Cotton Scarf","10513095709898","1","DustyRose","https://cdn.shopify.com/s/files/1/0852/8484/7908/files/13_d526a751-187f-47df-85fd-bd06e87a1c6f.jpg?v=1740760594",""
"Lvs56289","Braided Short Jacket","76590696912200","1","DarkGrey","https://cdn.shopify.com/s/files/1/0852/8484/7908/files/1_59e3261f-f52d-4da3-bcac-62deb4eabfb3.jpg?v=1737468473",""
"Lvs56289","Double Sided Tape","10488686240100","2","","https://cdn.shopify.com/s/files/1/0852/8484/7908/files/1_fab517a3-2cf2-4a9e-85f3-8f62f5a50b4e.jpg?v=1737469289",""
"Lvs56289","Fine Mini Ribbed Pullover","10590165821700","1","Free Size / 10","https://cdn.shopify.com/s/files/1/0852/8484/7908/files/9_c345b72a-87c0-4f4d-bbe1-00bef808b672.jpg?v=1737469795",""
"Lvs56289","Fine Mini Ribbed Pullover","10590165800200","2","Free Size / 9","https://cdn.shopify.com/s/files/1/0852/8484/7908/files/8_75db67b5-ad55-4108-9d38-1f40a7367217.jpg?v=1737469794",""
"Lvs56290","Modal Cotton Scarf","10513095719398","1","BondiBlue","https://cdn.shopify.com/s/files/1/0852/8484/7908/files/18_c522b0dd-fb37-42bc-a40d-68cf741affd8.jpg?v=1740760594",""
"Lvs56290","Modal Cotton Scarf","10513095721798","1","Black","https://cdn.shopify.com/s/files/1/0852/8484/7908/files/21_32a1466c-55b2-4ccb-9be3-7596d7da77b8.jpg?v=1740760594",""
"Lvs56290","Night Glamour","10413094370598","1","","https://cdn.shopify.com/s/files/1/0852/8484/7908/files/1_75376d44-07e7-4e2c-a50d-5e8d357c2d33.jpg?v=1737468195",""
"Lvs56290","Gradient Cotton Scarf","60011010212039","1","1","https://cdn.shopify.com/s/files/1/0852/8484/7908/files/1_d2b75e7e-3f77-40d0-b3b2-7408d6846e34.jpg?v=1737469702",""
"Lvs56291","Cozy Cotton Scarf","10413095021498","1","Navy","https://cdn.shopify.com/s/files/1/0852/8484/7908/files/43_f3b09166-6d9f-42b3-8d49-fbf641ae91a7.jpg?v=1737468809",""
"Lvs56291","Cozy Cotton Scarf","10413095022198","1","Chocolate","https://cdn.shopify.com/s/files/1/0852/8484/7908/files/46_93218ff2-2951-41ec-9e47-489bff86e29d.jpg?v=1737468809",""
"Lvs56291","Cozy Cotton Scarf","10011030950217","1","Black","https://cdn.shopify.com/s/files/1/0852/8484/7908/files/44_91b421b9-f3b1-4e65-a518-6223198902d4.jpg?v=1737468809",""
"Lvs56291","Cozy Cotton Scarf","10011030950011","1","Sand Beige","https://cdn.shopify.com/s/files/1/0852/8484/7908/files/resize_5dbb4bf5-85e4-4031-981a-26fc7bb78985.jpg?v=1737468813",""
"Lvs56291","Cozy Cotton Scarf","10011030950172","1","MossGreen","https://cdn.shopify.com/s/files/1/0852/8484/7908/files/38_29ebc19f-0358-4d0e-b9e9-3395e334f4e7.jpg?v=1737468812",""
"Lvs56291","Cozy Cotton Scarf","10011030950113","1","Brown","https://cdn.shopify.com/s/files/1/0852/8484/7908/files/21_5976761b-8981-43a1-a899-dc1989c027bc.jpg?v=1737468807",""
"Lvs56292","Holes Winter Shawl","60577071622900","1","Cafe","https://cdn.shopify.com/s/files/1/0852/8484/7908/files/resize_577b4eec-946b-425b-847a-491df4873330.jpg?v=1737623131",""
"Lvs56293","Everyday Cotton Scarf","10513072022998","1","ElephantGrey","https://cdn.shopify.com/s/files/1/0852/8484/7908/files/5_4328ad69-fc52-4d5b-9e96-c209f99df239.jpg?v=1740662986",""
"Lvs56293","Double Faced Jacket","69590965072000","1","3","https://cdn.shopify.com/s/files/1/0852/8484/7908/files/3_00f32ae3-8b0b-4840-9931-eb188b2110be.jpg?v=1737468319",""
"Lvs56294","Lila Cardigan","23590660100800","1","Beige / Free Size","https://cdn.shopify.com/s/files/1/0852/8484/7908/files/2_f8cda526-8901-4feb-bcf9-c204cff6dae2.jpg?v=1737468337",""
"Lvs56294","Lila Cardigan","23590660100200","1","Offwhite / Free Size","https://cdn.shopify.com/s/files/1/0852/8484/7908/files/1_0347ee02-4108-474d-a233-5cb7d57898c6.jpg?v=1737468337",""
"Lvs56295","Chiffon Crinkle Scarf","10011020026001","1","White","https://cdn.shopify.com/s/files/1/0852/8484/7908/files/10011020026001.jpg?v=1737468824",""
"Lvs56295","Floral Filigree Chiffon Scarf","10412008421798","1","Black","https://cdn.shopify.com/s/files/1/0852/8484/7908/files/2_2ee1d5c7-db03-45c1-b016-371599cfbd5a.jpg?v=1737892962",""
"Lvs56295","Vital Chiffon Scarf (Big Size)","10512002329298","1","LimeGreen","https://cdn.shopify.com/s/files/1/0852/8484/7908/files/96_cd5aad9f-7e13-4f99-a6c0-b8508c6a77e0.jpg?v=1737561440",""
"Lvs56295","Portable Isdal","68488484138600","1","TortillaBrown / Free size","https://cdn.shopify.com/s/files/1/0852/8484/7908/files/re_77a5577d-168f-44c9-bef9-66e2eaf534a2.jpg?v=1737469464",""
"Lvs56295","Ornate Bloom Chiffon Scarf","10411001015891","1","","https://cdn.shopify.com/s/files/1/0852/8484/7908/files/14_4404f3b4-024f-480b-be59-88b48068ea72.jpg?v=1737468741",""
"Lvs56295","Chiffon Crinkle Scarf","10011020026113","1","Cafe","https://cdn.shopify.com/s/files/1/0852/8484/7908/files/10011020026113.jpg?v=1737468825",""
"Lvs56295","Flashy Chiffon Scarf","10411001016508","1","","https://cdn.shopify.com/s/files/1/0852/8484/7908/files/50_0085e4cb-7bc6-45f6-9cab-4a6e7ccd653f.jpg?v=1737468723",""
"Lvs56296","Essential Shawl","60577011912100","2","Silver","https://cdn.shopify.com/s/files/1/0852/8484/7908/files/13_6cb58d02-69a1-409c-a65d-4c6e8a786cd7.jpg?v=1738485584",""
"Lvs56297","Floral Filigree Chiffon Scarf","10412008426498","1","Cafe","https://cdn.shopify.com/s/files/1/0852/8484/7908/files/4_a5005c07-0727-4dbf-9c97-cd1f0cfbe310.jpg?v=1737892962",""
"Lvs56297","Floral Filigree Chiffon Scarf","10412008421798","1","Black","https://cdn.shopify.com/s/files/1/0852/8484/7908/files/2_2ee1d5c7-db03-45c1-b016-371599cfbd5a.jpg?v=1737892962",""
"Lvs56298","Plain Viscose Isdal 2 PCS","62566186111300","1","Cafe","https://cdn.shopify.com/s/files/1/0852/8484/7908/files/3_02d88443-a3c8-4bb8-9b10-b4d7d0125d90.jpg?v=1739897964",""
"Lvs56298","Snake Satin Isdal","12566076100300","1","Beige","https://cdn.shopify.com/s/files/1/0852/8484/7908/files/1_2ec6b82a-3cb6-45da-a427-8f16314b89b1.jpg?v=1739964372",""
"Lvs56299","Zahra Kaftan","12596365523100","1","","https://cdn.shopify.com/s/files/1/0852/8484/7908/files/1_7f650dbe-1bd4-4ffd-9a85-1ac94d6b05ff.jpg?v=1740907356",""
"Lvs56300","Modal Cotton Scarf","10513095721798","2","Black","https://cdn.shopify.com/s/files/1/0852/8484/7908/files/21_32a1466c-55b2-4ccb-9be3-7596d7da77b8.jpg?v=1740760594",""
"Lvs56300","Gradient Cotton Scarf","60011010212039","1","1","https://cdn.shopify.com/s/files/1/0852/8484/7908/files/1_d2b75e7e-3f77-40d0-b3b2-7408d6846e34.jpg?v=1737469702",""
"Lvs56300","Gradient Cotton Scarf","60011010313035","1","21","https://cdn.shopify.com/s/files/1/0852/8484/7908/files/8_947b2296-cec1-46bf-b31e-b21a6a77b1bc.jpg?v=1737469703",""
"Lvs56300","Rock Stone Scarf","60011011121700","1","12","https://cdn.shopify.com/s/files/1/0852/8484/7908/files/1_7f8d492a-8654-4d8e-83b4-53fc58f252a3.jpg?v=1737469698",""
"Lvs56301","Cozy Cotton Scarf","10011030950217","1","Black","https://cdn.shopify.com/s/files/1/0852/8484/7908/files/44_91b421b9-f3b1-4e65-a518-6223198902d4.jpg?v=1737468809",""
"Lvs56301","Cozy Cotton Scarf","10413095021498","1","Navy","https://cdn.shopify.com/s/files/1/0852/8484/7908/files/43_f3b09166-6d9f-42b3-8d49-fbf641ae91a7.jpg?v=1737468809",""
"Lvs56302","Matte Magnet Pin","60444142414300","1","1","https://cdn.shopify.com/s/files/1/0852/8484/7908/files/1_38605b4d-bf32-4454-834d-4ec80c9ef15e.jpg?v=1737469895",""
"Lvs56302","Matte Magnet Pin With Logo","60444142317800","1","1","https://cdn.shopify.com/s/files/1/0852/8484/7908/files/1_3bb27de7-b1e5-4b85-8b9b-c8944a9d3d9e.jpg?v=1737469893",""
"Lvs56302","Portable Chiffon Isdal","29488484772800","2","5","https://cdn.shopify.com/s/files/1/0852/8484/7908/files/5_f3bc6002-11ca-4428-8a57-51d3b520ccc4.jpg?v=1739968249",""
"Lvs56303","Dalila Isdal","12566036121700","1","","https://cdn.shopify.com/s/files/1/0852/8484/7908/files/1_690a444c-5fda-4e54-828e-77382f0ba309.jpg?v=1739882275",""
"Lvs56304","No Thread Underscarf","10422323021700","1","Black","https://cdn.shopify.com/s/files/1/0852/8484/7908/files/19_26f35b78-db74-49ff-be17-a58461e36c8e.jpg?v=1737468670",""
"Lvs56304","Basic Lycra Pack Scarf","10513096921798","1","Black","https://cdn.shopify.com/s/files/1/0852/8484/7908/files/5_b6aeb57b-509e-42e3-99c3-ae8596efbff2.jpg?v=1737469589",""
"Lvs56305","Wide Short Ribbed Pullover","10590165900200","1","Free Size / Offwhite","https://cdn.shopify.com/s/files/1/0852/8484/7908/files/17_b8f50a74-1d47-4e71-9787-844916a63576.jpg?v=1737631038",""
"Lvs56305","Wide Short Ribbed Pullover","10590165921700","1","Free Size / Black","https://cdn.shopify.com/s/files/1/0852/8484/7908/files/18_a236bb11-b2e2-4c4a-9785-b2cb4d665e3f.jpg?v=1737631038",""
"Lvs56305","Comfy Vest","17590440111300","1","Brwon / Free Size","https://cdn.shopify.com/s/files/1/0852/8484/7908/files/1_2499cf87-d0fd-4c66-a883-89b17e0ea569.jpg?v=1737468494",""
"Lvs56306","Dalila Isdal","12566036121700","1","","https://cdn.shopify.com/s/files/1/0852/8484/7908/files/1_690a444c-5fda-4e54-828e-77382f0ba309.jpg?v=1739882275",""
"Lvs56307","Joyfully Chiffon Scarf","10411001015807","1","2","https://cdn.shopify.com/s/files/1/0852/8484/7908/files/37_10ae61e1-d8e1-4949-84ef-22d8f8e92266.jpg?v=1737468858",""
"Lvs56307","Petals Chiffon Scarf","10411001016643","1","","https://cdn.shopify.com/s/files/1/0852/8484/7908/files/62_bec12606-d88b-491f-8ea3-60bb08adc570.jpg?v=1737468712",""
"Lvs56308","Floral Filigree Chiffon Scarf","10412008400298","1","Offwhite","https://cdn.shopify.com/s/files/1/0852/8484/7908/files/1_b6989304-06ff-4cd7-ba4c-098db017449d.jpg?v=1737892652",""
"Lvs56309","Black Wave Khemar Isdal","62566023661500","1","","https://cdn.shopify.com/s/files/1/0852/8484/7908/files/4_cb920d4f-5b51-4d01-a1bb-9540e2ee0b55.jpg?v=1739905676",""
"Lvs56310","Autumn Paisley Viscose Isdal","90566013662400","1","","https://cdn.shopify.com/s/files/1/0852/8484/7908/files/20_3b2dfbde-4044-4a11-a1ec-4f36022bc003.jpg?v=1740058566",""
"Lvs56311","Blackness Embroidered Linen Scarf","10413099221798","1","","https://cdn.shopify.com/s/files/1/0852/8484/7908/files/4_c6c3c5e8-fe07-44cf-8d05-92158cbf735b.jpg?v=1737468543",""
"Lvs56312","Cozy Cotton Scarf","10011030950011","1","Sand Beige","https://cdn.shopify.com/s/files/1/0852/8484/7908/files/resize_5dbb4bf5-85e4-4031-981a-26fc7bb78985.jpg?v=1737468813",""
"Lvs56313","Washed Shirt","74090368002300","1","Cashmere / Free Size","https://cdn.shopify.com/s/files/1/0852/8484/7908/files/2_8f7b0f61-bf07-42be-9056-f89bad2ddb03.jpg?v=1737469633",""
"Lvs56314","Nightmare Glamour","10413094370698","1","","https://cdn.shopify.com/s/files/1/0852/8484/7908/files/4_b119647c-2872-4959-911d-664354b69688.jpg?v=1737468194",""
"Lvs56314","Janja Lycra Scarf","10413094421798","1","Black","https://cdn.shopify.com/s/files/1/0852/8484/7908/files/11_0e2beb3d-7cec-42e1-8475-87d17bdc15e1.jpg?v=1737468055",""
"Lvs56315","Plain Cotton Lycra Scarf","10413095121398","1","Navy","https://cdn.shopify.com/s/files/1/0852/8484/7908/files/20_58c1ebe0-1c0a-469c-8cbd-6d4f933152a6.jpg?v=1738945212",""
"Lvs56315","Plain Cotton Lycra Scarf","10413095100298","1","Offwhite","https://cdn.shopify.com/s/files/1/0852/8484/7908/files/7_5fcc8d9b-a5fe-40f4-82d6-51679c738f3c.jpg?v=1738945212",""
"Lvs56315","Modal Cotton Scarf","10413095700398","1","PaleBeige","https://cdn.shopify.com/s/files/1/0852/8484/7908/files/2_af7833c3-fb8d-42a5-9710-00572591ec5e.jpg?v=1740760594",""
"Lvs56315","Modal Cotton Scarf","10513095709898","1","DustyRose","https://cdn.shopify.com/s/files/1/0852/8484/7908/files/13_d526a751-187f-47df-85fd-bd06e87a1c6f.jpg?v=1740760594",""
"Lvs56316","No Thread Underscarf with Tie-Back","10522323121700","1","Black","https://cdn.shopify.com/s/files/1/0852/8484/7908/files/12_98af5df0-c1b9-4699-b107-de8b5bdee678.jpg?v=1737468631",""
"Lvs56316","Cozy Cotton Scarf","10413095021498","1","Navy","https://cdn.shopify.com/s/files/1/0852/8484/7908/files/43_f3b09166-6d9f-42b3-8d49-fbf641ae91a7.jpg?v=1737468809",""
"Lvs56316","Cozy Cotton Scarf","10011030950001","1","White","https://cdn.shopify.com/s/files/1/0852/8484/7908/files/1_dad55f27-a443-4d71-9eb7-7db51131d89a.jpg?v=1737468812",""
"Lvs56316","Cozy Cotton Scarf","10011030950217","1","Black","https://cdn.shopify.com/s/files/1/0852/8484/7908/files/44_91b421b9-f3b1-4e65-a518-6223198902d4.jpg?v=1737468809",""
"Lvs56317","Sparkle Satin Chiffon Scarf","10412004221798","1","Black","https://cdn.shopify.com/s/files/1/0852/8484/7908/files/10412004221798.jpg?v=1737468762",""
"Lvs56317","Butterfly Kaftan","62596363400300","1","Beige","https://cdn.shopify.com/s/files/1/0852/8484/7908/files/1_2056895b-50af-4897-9b20-6cc6277b3b9b.jpg?v=1738838646",""
"Lvs56318","Nightfall Viscose Isdal","90566013661500","1","","https://cdn.shopify.com/s/files/1/0852/8484/7908/files/15_39543fa4-5798-4ae6-867d-dbc10bb7dc93.jpg?v=1739888170",""
"Lvs56318","Ruh Ramadan Box","12588787171600","1","","https://cdn.shopify.com/s/files/1/0852/8484/7908/files/28_4bc8775f-35ce-4ee3-8d91-4eb25ebf4cfc.jpg?v=1740066734",""
"Lvs56318","Qibla Ramadan Box","12588787170900","1","","https://cdn.shopify.com/s/files/1/0852/8484/7908/files/7_475c15bb-fbc3-44fd-9e18-17b173c9e514.jpg?v=1740065268",""
"Lvs56319","Wild Kaftan","12596365472200","1","","https://cdn.shopify.com/s/files/1/0852/8484/7908/files/1_881fe8a9-0bac-42a8-a487-0f42a222d238.jpg?v=1740907367",""
"Lvs56320","Fancy Hoodie","17590349721700","1","Black / Free Size","https://cdn.shopify.com/s/files/1/0852/8484/7908/files/2_7e1095ec-27f5-4954-bd42-e5904e5f1baf.jpg?v=1737468375",""
"Lvs56321","Cotton Lycra Turban","57422525223100","1","Cafe","https://cdn.shopify.com/s/files/1/0852/8484/7908/files/5_ebecc9be-a883-4c6c-8282-1f5aa77ddb96.jpg?v=1737468909",""
"Lvs56322","No Thread Underscarf","10522323000200","1","Offwhite","https://cdn.shopify.com/s/files/1/0852/8484/7908/files/2_0c5047aa-aae1-45b5-a7c4-d9ce64719c78.jpg?v=1737468669",""
"Lvs56322","Cozy Cotton Scarf","10011030950217","1","Black","https://cdn.shopify.com/s/files/1/0852/8484/7908/files/44_91b421b9-f3b1-4e65-a518-6223198902d4.jpg?v=1737468809",""
"Lvs56322","No Thread Underscarf","10422323021700","1","Black","https://cdn.shopify.com/s/files/1/0852/8484/7908/files/19_26f35b78-db74-49ff-be17-a58461e36c8e.jpg?v=1737468670",""
"Lvs56322","Cozy Cotton Scarf","10011030950011","1","Sand Beige","https://cdn.shopify.com/s/files/1/0852/8484/7908/files/resize_5dbb4bf5-85e4-4031-981a-26fc7bb78985.jpg?v=1737468813",""
"Lvs56323","Cozy Cotton Scarf","10011030950113","1","Brown","https://cdn.shopify.com/s/files/1/0852/8484/7908/files/21_5976761b-8981-43a1-a899-dc1989c027bc.jpg?v=1737468807",""
"Lvs56324","Vital Chiffon Scarf (Small Size)","10512002202998","1","Cashmere","https://cdn.shopify.com/s/files/1/0852/8484/7908/files/12_48a1c8a8-4572-4089-8e6d-997335cc6ae3.jpg?v=1739187677",""
"Lvs56324","Modal Cotton Scarf","10513095709898","1","DustyRose","https://cdn.shopify.com/s/files/1/0852/8484/7908/files/13_d526a751-187f-47df-85fd-bd06e87a1c6f.jpg?v=1740760594",""
"Lvs56324","Modal Cotton Scarf","10513095741698","1","PearlyPurple","https://cdn.shopify.com/s/files/1/0852/8484/7908/files/27_68b77a07-fad5-4d16-a56b-3f03408178ab.jpg?v=1740760594",""
"Lvs56324","Vital Chiffon Scarf (Small Size)","10512002221898","1","AshBrown","https://cdn.shopify.com/s/files/1/0852/8484/7908/files/33_20ded0a1-20ab-41fc-bd99-5d8d9f514cff.jpg?v=1739187677",""
"Lvs56324","Vital Chiffon Scarf (Small Size)","10512002211698","1","DustyRose","https://cdn.shopify.com/s/files/1/0852/8484/7908/files/19_3b0e25a8-8208-49b3-abe3-c3f3ea22277e.jpg?v=1739187677",""
"Lvs56324","Vital Chiffon Scarf (Small Size)","10512002221798","1","Black","https://cdn.shopify.com/s/files/1/0852/8484/7908/files/32_0334ed02-a7b4-4fce-b29a-cbeb4f95daab.jpg?v=1739187677",""
"Lvs56325","Floral Filigree Chiffon Scarf","10412008421798","1","Black","https://cdn.shopify.com/s/files/1/0852/8484/7908/files/2_2ee1d5c7-db03-45c1-b016-371599cfbd5a.jpg?v=1737892962",""
"Lvs56326","Short Basic Fit Pullover","10590165602300","1","Free Size / PalePurple","https://cdn.shopify.com/s/files/1/0852/8484/7908/files/4_971c28de-58b1-43cd-9adf-0e5d7220771e.jpg?v=1737469800",""
"Lvs56326","Plain Cotton Lycra Scarf","10413095121798","1","Black","https://cdn.shopify.com/s/files/1/0852/8484/7908/files/21_bab00902-4ffa-4145-b843-aabe75b0f831.jpg?v=1738945212",""
"Lvs56326","Plain Cotton Lycra Scarf","10413095126198","1","Latte","https://cdn.shopify.com/s/files/1/0852/8484/7908/files/22_66c6b905-c059-4048-b21b-bba58cb789d6.jpg?v=1738945212",""
"Lvs56327","Winter Comfy Shirt","16590440512100","1","Grey / Free Size","https://cdn.shopify.com/s/files/1/0852/8484/7908/files/5_a9dcba62-b363-48a1-a252-1a89d341c0c9.jpg?v=1737468390",""
"Lvs56327","Healthy Hair Underscarf","10022323800100","1","White","https://cdn.shopify.com/s/files/1/0852/8484/7908/files/3_62d27292-be1e-4849-b55e-45c5c12495a6.jpg?v=1740487861",""
"Lvs56327","Winter Comfy Shirt","16590440500200","1","Offwhite / Free Size","https://cdn.shopify.com/s/files/1/0852/8484/7908/files/1_f535e0fa-c966-4411-acb5-deb5ed8085dd.jpg?v=1737468390",""
"Lvs56327","Healthy Hair Underscarf","10422323821700","1","Black","https://cdn.shopify.com/s/files/1/0852/8484/7908/files/1_bb4be3f5-8e64-4649-9ca6-d7f3cfc44bf7.jpg?v=1740487861",""
"Lvs56328","Soft Fabric Clips Cap","10422424721700","1","Black","https://cdn.shopify.com/s/files/1/0852/8484/7908/files/5_ba030cf3-7a61-4d38-8dbe-f30a19dc7bf3.jpg?v=1740920146",""
"Lvs56328","Soft Fabric Clips Cap","10422424700200","1","Offwhite","https://cdn.shopify.com/s/files/1/0852/8484/7908/files/2_3011a291-51bf-4ea5-a093-0ee623707fd3.jpg?v=1740920146",""
"Lvs56328","Wild Kaftan","12596365472200","1","","https://cdn.shopify.com/s/files/1/0852/8484/7908/files/1_881fe8a9-0bac-42a8-a487-0f42a222d238.jpg?v=1740907367",""
"Lvs56328","Fitted Easy Go Shirt","16599495021740","1","Black / L/XL","https://cdn.shopify.com/s/files/1/0852/8484/7908/files/3_0164c106-1a58-4198-b886-83cd469e9000.jpg?v=1737468279",""
"Lvs56328","Fitted Easy Go Shirt","16599495000240","1","Offwhite / L/XL","https://cdn.shopify.com/s/files/1/0852/8484/7908/files/2_e7f1fd83-3684-4eb9-a814-409d4a885de4.jpg?v=1737468279",""
"Lvs56329","Rock Stone Scarf","60011011121700","2","12","https://cdn.shopify.com/s/files/1/0852/8484/7908/files/1_7f8d492a-8654-4d8e-83b4-53fc58f252a3.jpg?v=1737469698",""
"Lvs56329","Modal Cotton Scarf","10513095722198","1","Brown","https://cdn.shopify.com/s/files/1/0852/8484/7908/files/22_0689588f-6da2-49d3-bf95-337859b90549.jpg?v=1740760594",""
"Lvs56329","Modal Cotton Scarf","10413095713698","1","CruiseTeal","https://cdn.shopify.com/s/files/1/0852/8484/7908/files/6_688f21b4-f818-4d58-ba5a-525cd84412a1.jpg?v=1740760594",""
"Lvs56329","Modal Cotton Scarf","10513095741698","1","PearlyPurple","https://cdn.shopify.com/s/files/1/0852/8484/7908/files/27_68b77a07-fad5-4d16-a56b-3f03408178ab.jpg?v=1740760594",""
"Lvs56330","Layali Kaftan","62596363670400","1","","https://cdn.shopify.com/s/files/1/0852/8484/7908/files/1_7312cd59-cfb1-4390-8a53-e491831e13bf.jpg?v=1739102135",""
"Lvs56331","Cozy Cotton Scarf","10011030950172","1","MossGreen","https://cdn.shopify.com/s/files/1/0852/8484/7908/files/38_29ebc19f-0358-4d0e-b9e9-3395e334f4e7.jpg?v=1737468812",""
"Lvs56331","Cozy Cotton Scarf","10011030950217","1","Black","https://cdn.shopify.com/s/files/1/0852/8484/7908/files/44_91b421b9-f3b1-4e65-a518-6223198902d4.jpg?v=1737468809",""
"Lvs56332","Wild Kaftan","12596365472200","1","","https://cdn.shopify.com/s/files/1/0852/8484/7908/files/1_881fe8a9-0bac-42a8-a487-0f42a222d238.jpg?v=1740907367",""
"Lvs56333","Wild Kaftan","12596365472200","1","","https://cdn.shopify.com/s/files/1/0852/8484/7908/files/1_881fe8a9-0bac-42a8-a487-0f42a222d238.jpg?v=1740907367",""
"Lvs56334","Cozy Cotton Scarf","10011030950032","1","Blush","https://cdn.shopify.com/s/files/1/0852/8484/7908/files/3_8e260d41-20c2-4be8-ac08-f252dabbc0d7.jpg?v=1737468812",""
"Lvs56334","Light Gradient Cotton Scarf","60011010212153","1","18","https://cdn.shopify.com/s/files/1/0852/8484/7908/files/18_3312ff97-594a-4b35-90d3-2dfb5f162558.jpg?v=1737468834",""
"Lvs56334","Cozy Cotton Scarf","10413095013898","1","Turqoise","https://cdn.shopify.com/s/files/1/0852/8484/7908/files/29_09196fce-3a61-444e-b8e3-5481f598535d.jpg?v=1737468811",""
"Lvs56334","Cozy Cotton Scarf","10413095008398","1","Mulberry","https://cdn.shopify.com/s/files/1/0852/8484/7908/files/4_c1ee4678-bcb1-4c05-bd58-e43e46ac2b6b.jpg?v=1737468812",""
"Lvs56335","Basic Lycra Pack Scarf","10513096921798","1","Black","https://cdn.shopify.com/s/files/1/0852/8484/7908/files/5_b6aeb57b-509e-42e3-99c3-ae8596efbff2.jpg?v=1737469589",""
"Lvs56335","Plain Cotton Lycra Scarf","10413095143398","1","Brown","https://cdn.shopify.com/s/files/1/0852/8484/7908/files/26_3681283f-f2d7-4e5f-9d51-3d0912a560fe.jpg?v=1738945212",""
"Lvs56336","Cozy Cotton Scarf","10011030950011","1","Sand Beige","https://cdn.shopify.com/s/files/1/0852/8484/7908/files/resize_5dbb4bf5-85e4-4031-981a-26fc7bb78985.jpg?v=1737468813",""
"Lvs56336","Cozy Cotton Scarf","10011030950003","1","Bisque","https://cdn.shopify.com/s/files/1/0852/8484/7908/files/3_44a098c6-8a58-4e77-b21a-f35eae400fd8.jpg?v=1737468803",""
"Lvs56336","Cozy Cotton Scarf","10011030950032","1","Blush","https://cdn.shopify.com/s/files/1/0852/8484/7908/files/3_8e260d41-20c2-4be8-ac08-f252dabbc0d7.jpg?v=1737468812",""
"Lvs56336","Cozy Cotton Scarf","10011030950199","1","Steel Blue","https://cdn.shopify.com/s/files/1/0852/8484/7908/files/41_7d91e68c-b5df-479c-b483-da2b417787d2.jpg?v=1737468809",""
"Lvs56336","Cozy Cotton Scarf","10413095011998","1","Heather Purple","https://cdn.shopify.com/s/files/1/0852/8484/7908/files/23_c6e7ad36-f6b6-4eca-a512-37b28ec27ec3.jpg?v=1737468806",""
"Lvs56337","Zigzag Lycra Scarf","10513081821798","1","Black","https://cdn.shopify.com/s/files/1/0852/8484/7908/files/5_7cbd27bd-b478-4775-809e-777608ad146e.jpg?v=1737468544",""
"Lvs56337","Long Ribbed Pullover","10090166016300","1","LimeGreen / Free Size","https://cdn.shopify.com/s/files/1/0852/8484/7908/files/5_e6667f87-b32f-4e18-9253-47b2e2a05318.jpg?v=1737469831",""
"Lvs56337","Long Ribbed Pullover","10090166020900","1","Blue / Free Size","https://cdn.shopify.com/s/files/1/0852/8484/7908/files/4_feb30f28-1530-441c-9d3c-bb206bde98a0.jpg?v=1737469831",""
"Lvs56337","Long Ribbed Pullover","10590166000200","1","Offwhite / Free Size","https://cdn.shopify.com/s/files/1/0852/8484/7908/files/18_68bd7343-b3a0-485d-a861-275797e5300e.jpg?v=1737469832",""
"Lvs56338","Must Have Cotton Scarf","10513085326498","1","LightGrey","https://cdn.shopify.com/s/files/1/0852/8484/7908/files/10513085326498.jpg?v=1740958410",""
"Lvs56338","Must Have Cotton Scarf","10513085417798","1","BabyBlue","https://cdn.shopify.com/s/files/1/0852/8484/7908/files/10513085417798.jpg?v=1740958410",""
"Lvs56338","Must Have Cotton Scarf","10513085303198","1","Cashmere","https://cdn.shopify.com/s/files/1/0852/8484/7908/files/10513085303198.jpg?v=1740958410",""
"Lvs56338","Must Have Cotton Scarf","10413085312298","1","LightTurquoise","https://cdn.shopify.com/s/files/1/0852/8484/7908/files/10413085312298.jpg?v=1740958410",""
"Lvs56339","No Thread Underscarf","10422323021700","2","Black","https://cdn.shopify.com/s/files/1/0852/8484/7908/files/19_26f35b78-db74-49ff-be17-a58461e36c8e.jpg?v=1737468670",""
"Lvs56339","No Thread Underscarf","10522323000200","1","Offwhite","https://cdn.shopify.com/s/files/1/0852/8484/7908/files/2_0c5047aa-aae1-45b5-a7c4-d9ce64719c78.jpg?v=1737468669",""
"Lvs56340","No Thread Underscarf","10422323021700","1","Black","https://cdn.shopify.com/s/files/1/0852/8484/7908/files/19_26f35b78-db74-49ff-be17-a58461e36c8e.jpg?v=1737468670",""
"Lvs56340","No Thread Underscarf with Tie-Back","10522323121700","1","Black","https://cdn.shopify.com/s/files/1/0852/8484/7908/files/12_98af5df0-c1b9-4699-b107-de8b5bdee678.jpg?v=1737468631",""
"Lvs56341","Flowy Glittery Scarf","10412094400298","1","Offwhite","https://cdn.shopify.com/s/files/1/0852/8484/7908/files/1_d2f7d597-1589-4b86-8eb4-6646087bd4ce.jpg?v=1737469141",""
"Lvs56341","Sparkle Satin Chiffon Scarf","10412004221798","1","Black","https://cdn.shopify.com/s/files/1/0852/8484/7908/files/10412004221798.jpg?v=1737468762",""
"Lvs56342","Diamond Counter","80588485121700","2","Black","https://cdn.shopify.com/s/files/1/0852/8484/7908/files/15_b3373959-24d5-43dd-97fe-2bff1ae7e226.jpg?v=1740236736",""
"Lvs56343","Modal Cotton Scarf","10513095717898","1","IceBlue","https://cdn.shopify.com/s/files/1/0852/8484/7908/files/16_4ccb65f4-af6d-45f4-a7eb-d3117dd40a89.jpg?v=1740760594",""
"Lvs56343","Modal Cotton Scarf","10513095721798","1","Black","https://cdn.shopify.com/s/files/1/0852/8484/7908/files/21_32a1466c-55b2-4ccb-9be3-7596d7da77b8.jpg?v=1740760594",""
"Lvs56343","Modal Cotton Scarf","10513095717898","1","BabyBlue","https://cdn.shopify.com/s/files/1/0852/8484/7908/files/17_0008b44f-9165-4f91-aa71-e6464aa031b9.jpg?v=1740760594",""
"Lvs56343","Modal Cotton Scarf","10513095741598","1","ElephantGrey","https://cdn.shopify.com/s/files/1/0852/8484/7908/files/26_1d0c8303-e054-4904-bda3-be6e784e3b57.jpg?v=1740760594",""
"Lvs56343","Syrian Underscarf Close-End","10422121100200","1","Offwhite","https://cdn.shopify.com/s/files/1/0852/8484/7908/files/2_aac62aa4-27db-4a48-b2ba-4c7ba1c0f4af.jpg?v=1737468634",""
"Lvs56343","Syrian Underscarf Close-End","10422121121700","1","Black","https://cdn.shopify.com/s/files/1/0852/8484/7908/files/13_b2d9fc57-0d80-4e9f-8f7a-e8a2955dc7b5.jpg?v=1737468634",""
"Lvs56344","Breeze Loose Top","31499464812420","1","Beige / S/M","https://cdn.shopify.com/s/files/1/0852/8484/7908/files/12_4e109a89-aca2-4e42-a988-1265e30418d7.jpg?v=1737469010",""
"Lvs56344","Striped Basic Shirt","43499464623120","1","2 / S/M","https://cdn.shopify.com/s/files/1/0852/8484/7908/files/1_3f6070ea-d128-413e-b367-423749c95c59.jpg?v=1737469021",""
"Lvs56344","Classic Leopard Silk Scarf","10414051691598","1","","https://cdn.shopify.com/s/files/1/0852/8484/7908/files/8_75c4362b-ae37-4501-84c6-ee0919a95b63.jpg?v=1737468366",""
"Lvs56344","Waves Chiffon Scarf","10412008621798","1","Black","https://cdn.shopify.com/s/files/1/0852/8484/7908/files/2_091fd5bc-6e54-470d-9fe0-7f10ee5878e1.jpg?v=1737893209",""
"Lvs56344","Scarf Spray","85588181300000","1","Velvet Touch","https://cdn.shopify.com/s/files/1/0852/8484/7908/files/85588181300000.jpg?v=1740954055",""
"Lvs56345","Long Modest Basic Fit Pullover","10590165721700","1","Free Size / Black","https://cdn.shopify.com/s/files/1/0852/8484/7908/files/2_73f5d4ce-580e-4812-a6f8-ad066a8cfaef.jpg?v=1737469834",""
"Lvs56346","Must Have Cotton Scarf","10413085306898","1","Burgandy","https://cdn.shopify.com/s/files/1/0852/8484/7908/files/10413085306898.jpg?v=1740958410",""
"Lvs56347","Long Ribbed Pullover","10590166021700","1","Black / Free Size","https://cdn.shopify.com/s/files/1/0852/8484/7908/files/19_2064c945-895e-42a7-9604-c52c24f50662.jpg?v=1737469832",""
"Lvs56348","Fine Mini Ribbed Pullover","10590165806500","1","Free Size / 14","https://cdn.shopify.com/s/files/1/0852/8484/7908/files/re_a2e43937-f223-4da9-80a4-097939296795.jpg?v=1737630682",""
"Lvs56348","Fine Mini Ribbed Pullover","10590165821700","1","Free Size / 10","https://cdn.shopify.com/s/files/1/0852/8484/7908/files/9_c345b72a-87c0-4f4d-bbe1-00bef808b672.jpg?v=1737469795",""
"Lvs56348","Fine Mini Ribbed Pullover","10090165815000","1","Free Size / 18","https://cdn.shopify.com/s/files/1/0852/8484/7908/files/res_c61b5680-54be-4884-b4dd-fd97beb66dc9.jpg?v=1737469795",""
"Lvs56349","Fairy Tale Scarf","10011010141002","1","OffWhite","https://cdn.shopify.com/s/files/1/0852/8484/7908/files/2_2371962c-239a-429d-b8d4-e139b9da91ef.jpg?v=1737469647",""
"Lvs56349","Wide Short Ribbed Pullover","10590165921700","1","Free Size / Black","https://cdn.shopify.com/s/files/1/0852/8484/7908/files/18_a236bb11-b2e2-4c4a-9785-b2cb4d665e3f.jpg?v=1737631038",""
"Lvs56349","Wide Short Ribbed Pullover","10590165900200","1","Free Size / Offwhite","https://cdn.shopify.com/s/files/1/0852/8484/7908/files/17_b8f50a74-1d47-4e71-9787-844916a63576.jpg?v=1737631038",""
"Lvs56350","Easy Going Jacket","57590440721700","1","WashedBlack / Free Size","https://cdn.shopify.com/s/files/1/0852/8484/7908/files/2_17269659-aaaa-4b82-80e5-f3f30f696c0c.jpg?v=1737468289",""
